Sample_ID,Landcover,Hill_side,Lat_ID,Long_ID,SOC_Perc,TN(%),AP(mg_kg),CN_Ratio,CAP_Ratio,Air_T,Air_humidity,Soil_T,Soil_h,Soil_pH,Average_densiometer_per_landcovertype,Elevation,Tree_species,Tree_n_per_plot,Stems per ha,Cumulative_Basal_Area_Hectare,Average_DBH,Cumulative_AGB_Plot_Ha,Average_Height_Plot,Native,Exotic,Fungi_ASV_number,Bacteria_ASV_number,k__Fungi|p__Ascomycota,k__Fungi|p__Basidiomycota,k__Fungi|p__,k__Fungi|p__Rozellomycota,k__Fungi|p__Glomeromycota,k__Fungi|p__Mucoromycota,k__Fungi|p__Mortierellomycota,k__Fungi|p__Chytridiomycota,k__Fungi|p__Kickxellomycota,k__Fungi|p__Calcarisporiellomycota,k__Fungi|p__Blastocladiomycota,k__Fungi|p__Zoopagomycota,k__Fungi|p__Aphelidiomycota,k__Bacteria|p__Acidobacteriota,k__Bacteria|p__Pseudomonadota,k__Bacteria|p__Verrucomicrobiota,k__Bacteria|p__Planctomycetota,k__Bacteria|p__Actinomycetota,k__Bacteria|p__Chloroflexota,k__Bacteria|p__Myxococcota,k__Bacteria|p__Bacteroidota,k__Bacteria|p__Bacillota,k__Bacteria|p__Gemmatimonadota,k__Bacteria|p__Thermodesulfobacteriota,k__Bacteria|p__Candidatus Eremiobacterota,k__Bacteria|p__Methylomirabilota,k__Bacteria|p__Cyanobacteriota,k__Bacteria|p__RCP2-54,k__Bacteria|p__Dependentiae,k__Bacteria|p__Patescibacteria,k__Bacteria|p__,k__Bacteria|p__Bdellovibrionota,k__Bacteria|p__Latescibacterota,k__Bacteria|p__Chlamydiota,k__Bacteria|p__Nitrospirota,k__Bacteria|p__Elusimicrobiota,k__Bacteria|p__Armatimonadota,k__Bacteria|p__MBNT15,k__Bacteria|p__NB1-j,k__Bacteria|p__Entotheonellaeota,k__Bacteria|p__GAL15,k__Bacteria|p__FCPU426,k__Bacteria|p__Candidatus Kapabacteria,k__Bacteria|p__SAR324 clade(Marine group B),k__Bacteria|p__Nitrospinota,k__Bacteria|p__Sumerlaeota,k__Bacteria|p__Fibrobacterota,k__Bacteria|p__Candidatus Kryptonia,k__Bacteria|p__Spirochaetota,k__Bacteria|p__Abditibacteriota,k__Bacteria|p__WS2,k__Bacteria|p__Hydrogenedentes,k__Bacteria|p__Margulisbacteria,k__Bacteria|p__WS4,k__Bacteria|p__Calditrichota,k__Bacteria|p__Marinimicrobia (SAR406 clade),k__Bacteria|p__Chlorobiota,k__Bacteria|p__Dadabacteria,k__Bacteria|p__Deferrisomatota,k__Bacteria|p__Zixibacteria,k__Bacteria|p__Cloacimonadota,k__Bacteria|p__Rs-K70 termite group,k__Bacteria|p__Deinococcota,k__Bacteria|p__Synergistota,Pathotroph,Saprotroph,Symbiotroph,Bryophyte Parasite,Dung Saprotroph,Ectomycorrhizal,Fungal Parasite,Leaf Saprotroph,Plant Parasite,Wood Saprotroph,Animal Pathogen,Endophyte,Plant Pathogen,Lichen Parasite,Litter Saprotroph,Soil Saprotroph,Plant Saprotroph,Epiphyte,Lichenized,Arbuscular Mycorrhizal,Endomycorrhizal,Ericoid Mycorrhizal,Orchid Mycorrhizal,Root Associated Biotroph,Clavicipitaceous Endophyte,Animal Endosymbiont,methanotrophy,methanol_oxidation,methylotrophy,aerobic_ammonia_oxidation,aerobic_nitrite_oxidation,nitrification,sulfate_respiration,sulfur_respiration,respiration_of_sulfur_compounds,anammox,nitrate_denitrification,nitrite_denitrification,denitrification,chitinolysis,dark_hydrogen_oxidation,nitrogen_fixation,nitrate_ammonification,nitrite_ammonification,nitrite_respiration,cellulolysis,xylanolysis,dark_sulfide_oxidation,dark_thiosulfate_oxidation,dark_oxidation_of_sulfur_compounds,manganese_oxidation,manganese_respiration,ligninolysis,fermentation,aerobic_chemoheterotrophy,invertebrate_parasites,human_pathogens_septicemia,human_pathogens_pneumonia,human_pathogens_nosocomia,human_pathogens_meningitis,human_pathogens_gastroenteritis,human_pathogens_diarrhea,human_pathogens_all,human_gut,human_associated,mammal_gut,animal_parasites_or_symbionts,oil_bioremediation,aromatic_hydrocarbon_degradation,aromatic_compound_degradation,aliphatic_non_methane_hydrocarbon_degradation,hydrocarbon_degradation,iron_respiration,nitrate_respiration,nitrate_reduction,nitrogen_respiration,fumarate_respiration,intracellular_parasites,chlorate_reducers,predatory_or_exoparasitic,chloroplasts,photosynthetic_cyanobacteria,anoxygenic_photoautotrophy_S_oxidizing,anoxygenic_photoautotrophy,oxygenic_photoautotrophy,photoautotrophy,aerobic_anoxygenic_phototrophy,photoheterotrophy,phototrophy,plastic_degradation,ureolysis,reductive_acetogenesis,chemoheterotrophy,anaerobic_chemoheterotrophy
G1SA,Grassland,0,HIDED,HIDED,4.894497529,0.332,8.13,14.74,6020.29,35.9,62.7,32.33333333,31,6.533333333,2.86,173,0,0,200,0,0,0,0,0,0,171,1456,0.770632585,0.169616579,0.03668911,0.000201589,0.020965206,0,0,0.001894932,0,0,0,0,0,0.272571232,0.187120952,0.151962467,0.126930999,0.09160087,0.09082847,0.025918297,0.003461494,0.015648244,0.006293626,0.004176679,0.000286074,0.008353359,0.002145554,0.001458977,0.000228859,0.002488843,0.001773658,0.001115688,0.002031125,0.000286074,0,0.000572148,0.000572148,0.000629363,0.000429111,0.000171644,0.000143037,0.00011443,0.000686577,0,0,0,0,0,0,0,0,0,0,0,0,0,0,0,0,0,0,0,0,0,25.45,29.85,13.19,6.53,6.92,6.67,15.62,12.52,6.53,15.13,11.47,2.52,9.3,0.33,0,2.92,0.95,0,0.04,2.1,0,0,1.86,0,0,0,0,0,0,0,0,0,0.42,0,0.42,0,0,0,0,0,4.42,0.07,0,0,0,1.81,0.06,0,0,0,0.06,0,0,0.11,19.71,0,0,0,0,0,0,0,0.03,0,0.03,0,1.54,0,0,0.03,0,0,0.04,0,0.24,0,0,0.03,0,0,0.02,0.15,0.01,0.01,0.15,0.16,0,0.01,0.16,0,0.19,0,23.41,3.7
G1SB,Grassland,0,HIDED,HIDED,5.502860928,0.151,13.22,36.44,4162.53,32.2,69.6,30,47.66666667,5.7,2.86,177,0,0,200,0,0,0,0,0,0,287,2073,0.581421602,0.376446398,0.032254163,0.003910817,0.003951135,0.000967625,0,0.000645083,0.000403177,0,0,0,0,0.281013962,0.184567407,0.125200275,0.109206912,0.067807279,0.142938888,0.018511101,0.008440146,0.011043717,0.00557908,0.003891051,0.001544976,0.001573587,0.004434653,0.001745251,0.003089952,0.008440146,0.007009613,0.003032731,0.000886931,0.001459144,0.000114443,0.002231632,0.002403296,0.000915541,0.000343328,0.001087205,0,0.000228885,0.00042916,0.000572213,0,0.000114443,0.000143053,0,0,0,0,0,0,0,0,0,0,0,0,0,0,0,0,0,26.06,47.07,13.21,8.04,9.57,8.76,20.9,10.3,8.04,12.03,14.25,3,5.18,1.52,0,10.02,0.48,0.04,0.66,0.4,0,0,0.31,0,0,0,0.03,0,0.03,0,0,0,0.39,0,0.39,0,0,0,0,0,3.91,0.07,0,0,0,1.3,0.09,0,0,0,0.07,0,0,0.25,17.78,0,0,0.02,0,0,0,0,0.11,0.01,0.12,0.01,0.92,0,0.02,0.04,0,0.05,0.02,0.01,0.31,0.01,0,0.49,0,0,0.22,0.28,0,0,0.28,0.28,0,0,0.28,0.02,0.11,0,21.28,3.5
G1SC,Grassland,0,HIDED,HIDED,4.96347882,0.145,10.88,34.23,4562.02,32,68,30,31.33333333,5.933333333,2.86,177,0,0,200,0,0,0,0,0,0,204,1830,0.673749143,0.307745031,0.008547353,0.000443495,0.008507035,0.000483812,0,0.00052413,0,0,0,0,0,0.29562879,0.204342602,0.091543655,0.113714384,0.092659343,0.113256666,0.016105962,0.007409315,0.019224168,0.011729031,0.001258725,0.005092116,0.001602014,0.00603616,0.000400503,0.002460236,0.007981462,0.001401762,0.003718961,0.000686577,0.000514933,0,0.000629363,0.002031125,0,0,8.58E-05,0,8.58E-05,0.000286074,0.00011443,0,0,0,0,0,0,0,0,0,0,0,0,0,0,0,0,0,0,0,0,41.29,50.8,28.17,20.11,23.08,20.15,33.23,23.49,20.11,26.24,16.75,6.02,7.38,2.1,0,3.99,0.71,0.1,0,0.85,0,0,1.14,0,0,0,0.01,0,0.01,0,0,0,0.13,0,0.13,0,0,0,0,0,6.02,0.04,0,0,0,2.92,0.09,0,0,0,0.04,0,0,0.15,22.52,0.02,0,0.01,0,0,0,0,0.19,0,0.19,0,1.89,0,0.01,0.05,0,0.01,0.05,0.02,0.25,0.02,0,0.22,0,0.03,0.11,0.2,0,0,0.2,0.2,0,0.01,0.21,0.01,0.29,0,24.73,2.21
G1SD,Grassland,0,HIDED,HIDED,5.038468061,0.095,7.28,53.04,6920.97,30.8,70.2,27.66666667,76.33333333,5.366666667,2.86,177,0,0,200,0,0,0,0,0,0,251,2384,0.71015603,0.246260533,0.035439261,0.002660968,0.003951135,0.001128896,0,0.000201589,0.000201589,0,0,0,0,0.258340486,0.245922747,0.130586552,0.124434907,0.046094421,0.088583691,0.023776824,0.019427754,0.012103004,0.006494993,0.003376252,0.000200286,0.003175966,0.004978541,0.000772532,0.003347639,0.006437768,0.004749642,0.003690987,0.002403433,0.003175966,0,0.001258941,0.001716738,0.001287554,0.001258941,0.000629471,0,0.000257511,0.000801144,0.000515021,0,0.000143062,0,0,0,5.72E-05,0,0,0,0,0,0,0,0,0,0,0,0,0,0,30.2,44.39,14.28,2.1,9.7,2.55,20.84,2.1,2.46,4.61,26.34,8.36,8.01,7.65,0,8.49,0.2,0.45,0.64,0.4,0,0,2.27,0,0,0,0.03,0.01,0.04,0,0,0,0.34,0,0.34,0,0,0,0,0,5.5,0.16,0,0,0,0.49,0.04,0,0,0,0,0,0,0.32,20.39,0.04,0,0,0,0,0,0,0.07,0,0.07,0,0.78,0,0,0.04,0,0.03,0.13,0.03,0.54,0.03,0,0.41,0,0.04,0.06,0.26,0,0,0.26,0.26,0.03,0.03,0.29,0,0.18,0,26.21,5.81
G2NA,Grassland,1,HIDED,HIDED,4.222135117,0.039,8.04,108.26,5251.41,32.6,69.1,30.66666667,62,5.166666667,2.86,184,0,0,200,0,0,0,0,0,0,62,938,0.589727049,0.344434141,0.039108172,0,0.016893118,0.007499093,0,0.002338427,0,0,0,0,0,0.303410001,0.185175649,0.137315482,0.118291567,0.079700195,0.092001373,0.011900675,0.005978945,0.020568715,0.006293626,0.003060991,0.012587253,0.001230118,0.004233894,0.001258725,0.002889347,0.006408056,0.002317199,0.002345806,0,0.001802266,0,0,0.001230118,0,0,0,0,0,0,0,0,0,0,0,0,0,0,0,0,0,0,0,0,0,0,0,0,0,0,0,18.22,31.88,31.17,0,3.29,20.65,12.46,0,0,3.97,13.3,8.99,3.88,1.71,0,2.17,1.88,4.4,0,1.69,0,0,0.52,0,0,0,0.02,0,0.02,0,0,0,0.31,0,0.31,0,0,0,0,0.03,5.44,0.07,0.03,0.03,0.03,2,0,0,0.12,0.12,0.04,0,0,0.06,24.38,0.09,0,0,0,0,0,0,0.36,0,0.36,0,5.18,0,0,0,0,0.02,0.12,0.03,0.2,0.03,0,0.83,0,0,0,0.04,0,0,0.04,0.04,0,0,0.04,0,0.39,0,26.07,1.68
G2NB,Grassland,1,HIDED,HIDED,4.227711647,0.036,5.45,117.44,7757.27,32.2,69.9,30.33333333,37.33333333,6.466666667,2.86,184,0,0,200,0,0,0,0,0,0,240,1431,0.790106036,0.177438213,0.021449018,0.00104826,0.002378745,0.005241301,0.000604766,0.000806354,0.000927307,0,0,0,0,0.282812679,0.210264332,0.146240989,0.111969333,0.073234924,0.084735096,0.03839112,0.005607049,0.019624671,0.003633139,0.002603273,0.001344547,0.007151848,0.001630621,0.001573407,0.000801007,0.001458977,0.000715185,0.002345806,0.00065797,0.00065797,0,0.000686577,0.001001259,8.58E-05,0.000143037,0,2.86E-05,2.86E-05,0.000143037,0.000200252,0,0.000143037,0,0,0,0,0,0,0,8.58E-05,0,0,0,0,0,0,0,0,0,0,26.7,44.12,9.27,4.43,5.19,5.57,24.4,4.51,4.43,6.45,19.87,1.52,1.53,0.47,0.06,1.98,0.31,0.12,0.28,0.24,0,0,0.3,0,0,0,0,0,0,0,0,0,0.26,0,0.26,0,0,0,0,0.01,5.68,0.11,0,0,0,1.85,0.04,0,0,0,0,0,0,0.1,22.4,0,0,0.09,0,0,0,0,0.14,0,0.14,0,2.48,0,0.1,0.18,0,0.1,0.15,0.03,0.33,0.03,0,0.19,0.03,0.02,0.04,0.05,0,0,0.05,0.05,0,0,0.05,0.09,0.09,0,26.52,4.13
G2NC,Grassland,1,HIDED,HIDED,4.480242334,0.059,5.81,75.94,7711.26,37.8,59.4,30.33333333,62.33333333,5.433333333,2.86,184,0,0,200,0,0,0,0,0,0,343,1925,0.737934927,0.219650849,0.024150304,0.002257791,0.007781317,0.005483208,8.06E-05,0.00193525,0.000725719,0,0,0,0,0.220712344,0.277327993,0.157173509,0.115920469,0.067257903,0.041996853,0.04428551,0.009211844,0.012702045,0.00494922,0.00926906,0.001029896,0.007323702,0.004119582,0.003347161,0.001973967,0.004176799,0.002631955,0.004291232,0.003432985,0.000600772,0,0.000600772,0.001144328,0.001287369,0.001201545,0.000400515,0.000171649,0.000514948,0.000371907,8.58E-05,0.000143041,8.58E-05,0,0.000171649,8.58E-05,0,0,0,0,0,0,0,0,0,0,0,0,0,0,0,23.99,44.35,19.02,3.14,3.8,4.36,21.11,3.27,3.14,5.05,18.92,2.9,2.18,0.18,0.14,0.88,0.32,0.02,0.33,0.78,0.1,0,0.89,0,0,0,0.01,0,0.01,0,0,0,0.93,0,0.93,0.01,0,0,0,0.01,6.28,0.11,0,0,0.01,1.13,0.04,0,0,0,0,0,0,0.13,25.44,0.09,0,0.07,0,0,0,0,0.24,0.01,0.25,0.01,3.1,0,0.14,0.2,0,0.15,0.05,0.03,0.59,0.04,0,0.18,0,0.14,0.08,0.12,0,0,0.12,0.12,0,0,0.12,0.07,0.2,0,30.03,4.59
G2ND,Grassland,1,HIDED,HIDED,4.100980051,0.056,6.13,73.23,6690.02,35.5,61.4,30.33333333,79.66666667,4.7,2.86,189,0,0,200,0,0,0,0,0,0,291,1816,0.751723582,0.22436802,0.015401363,0.001330484,0.002902875,0.001088578,0.000806354,0.001894932,0.000483812,0,0,0,0,0.221535645,0.264446733,0.13393981,0.109165808,0.101727886,0.074465042,0.025803868,0.004891864,0.02325781,0.005978945,0.006951596,0.001773658,0.007094633,0.002374414,0.003518709,0.000715185,0.001659229,0.003261243,0.001029866,0.002488843,0.000829614,0,0.000457718,0.000457718,0.000743792,0,0.000486326,0.00011443,2.86E-05,2.86E-05,5.72E-05,0,0.000486326,0,5.72E-05,0,0,0,0,0,0.000171644,0,0,0,0,0,0,0,0,0,0,17.86,59.95,19.57,0.6,1.58,0.75,15.3,1.46,0.52,3.64,16.49,1.67,1.92,0.72,0.09,1.87,0.94,0.04,0.9,0.29,0,0,0.66,0,0,0,0.01,0,0.01,0,0,0,0.7,0,0.7,0,0,0,0,0,8.79,0.03,0,0,0,2.83,0.07,0,0.02,0.02,0,0,0,0.08,28.04,0,0,0,0,0,0,0,0.12,0,0.12,0,2.73,0,0.02,0.05,0,0.03,0.21,0,0.11,0,0,0.17,0,0,0.06,0.09,0.01,0.01,0.09,0.11,0,0.01,0.11,0.01,0.13,0,31.24,3.19
G3SA,Grassland,0,HIDED,HIDED,4.021771954,0.267,7.05,15.06,5704.64,33.8,69.4,33,48.66666667,5.4,2.86,197,0,0,0,0,0,0,0,0,0,216,1988,0.573640285,0.379470225,0.026367778,0.004193041,0.008869895,0.002015885,0.003789864,0.000322542,0.001330484,0,0,0,0,0.268022657,0.223080444,0.169269939,0.123984438,0.045600183,0.063193729,0.028435748,0.017765191,0.011528779,0.007323492,0.005492619,0.003204028,0.004033642,0.004548575,0.002145554,0.005549834,0.003718961,0.002174162,0.004148072,0.000486326,0.002317199,0,0.00120151,0.000886829,0.000314681,8.58E-05,0,0,0.000743792,0.000257467,0.000486326,0,0,0,0,0,0,0,0,0,0,0,0,0,0,0,0,0,0,0,0,9.94,52.53,15.94,0.33,5.37,0.59,7.71,0.67,0.33,7.85,8.49,2.02,1.79,0.61,0.46,14.13,2.12,0,9.36,0.89,0,0,3.08,0,0,0,0.03,0,0.03,0,0,0,0.55,0,0.55,0,0,0,0,0,5.43,0.06,0,0,0,1.41,0.05,0,0,0,0,0,0,0.14,20.04,0.07,0,0.01,0,0,0,0,0.32,0,0.32,0,4.8,0,0,0.04,0,0.03,0.12,0.03,0.39,0.03,0,0.85,0,0,0.05,0.08,0,0,0.08,0.08,0,0.01,0.09,0,0.09,0,22.16,2.12
G3SB,Grassland,0,HIDED,HIDED,3.607688084,0.246,5.93,14.67,6083.79,33.9,70.1,31.66666667,77,5,2.86,192,0,0,0,0,0,0,0,0,0,215,1791,0.842962545,0.126275047,0.015925493,0,0.011127686,0.000766036,0.002540015,0.000403177,0,0,0,0,0,0.199393437,0.235586965,0.138679866,0.121541587,0.104946926,0.109581986,0.020113874,0.005607851,0.028439816,0.012817945,0.003605047,0.000286115,0.005178679,0.002403365,0.002060027,0.000743899,0.002374753,0.001230294,0.001373351,0.000743899,0.001173071,0.000114446,0.000429172,0.000400561,8.58E-05,0,0.000543618,0.000114446,0,0.000314726,0.000114446,0,0,0,0,0,0,0,0,0,0,0,0,0,0,0,0,0,0,0,0,12.58,29.01,8.97,0.87,9.67,1.06,9.58,1.36,0.87,14.38,10.17,1.69,1.77,0,0.25,2.28,1.09,0,0.39,1.11,0,0,4.71,0,0,0,0,0,0,0,0,0,0.36,0,0.36,0,0,0,0,0,6.56,0.75,0,0,0,1.68,0.06,0,0,0,0,0,0,0.15,25.48,0.08,0,0.58,0,0,0,0,0.74,0,0.74,0,4.92,0.04,0.78,0.96,0,0.78,0.25,0.05,0.75,0.05,0,0.17,0,0.08,0.07,0.12,0,0,0.12,0.12,0,0.02,0.14,0.58,0.41,0,28.88,3.4
G3SC,Grassland,0,HIDED,HIDED,3.821408791,0.267,4.72,14.31,8096.21,36,60.2,30.66666667,41.33333333,5.833333333,2.86,206,0,0,0,0,0,0,0,0,0,285,1723,0.818247793,0.152925049,0.018304237,0.001975567,0.005160666,0.002015885,0.000927307,0,0.000443495,0,0,0,0,0.258153107,0.226627761,0.160001144,0.09883854,0.083934089,0.086709006,0.022170729,0.010127017,0.018108479,0.008954114,0.003261243,0.001802266,0.003919213,0.004834649,0.001888088,0.001373155,0.002059732,0.00208834,0.001630621,0.000972651,0.000572148,0,0.000600755,0.000886829,0,0,0,0.000143037,0,0,0.000143037,0,0,0,0.000171644,0,2.86E-05,0,0,0,0,0,0,0,0,0,0,0,0,0,0,27.41,40.48,11.51,0.12,5.56,0.87,18.86,1.79,0.12,5.93,22.39,5.75,7.7,1.52,0.09,3.35,1.24,0.21,0.72,0.52,0,0,3.53,0,0,0,0,0,0,0,0,0,0.33,0,0.33,0,0,0,0,0.01,5.83,0.1,0,0,0,1.22,0.08,0,0,0,0.03,0,0,0.17,22.62,0,0,0.04,0,0,0,0,0.11,0,0.11,0,4.1,0,0.05,0.22,0,0.05,0.03,0.01,0.36,0.01,0,0.53,0.01,0.04,0.35,0.42,0,0,0.42,0.42,0,0,0.42,0.04,0.14,0,28.69,6.07
G3SD,Grassland,0,HIDED,HIDED,3.84812388,0.273,4.95,14.1,7773.99,32.7,69.6,30.66666667,32,6.033333333,2.86,206,0,0,0,0,0,0,0,0,0,240,1843,0.657944603,0.276579446,0.040156433,0.007337822,0.009273072,0.00737814,0,0.000967625,0.000362859,0,0,0,0,0.252917954,0.236239844,0.182772628,0.118949537,0.066969905,0.045428539,0.018709234,0.013702941,0.017479117,0.010470306,0.002259984,0.000457718,0.01052752,0.004090857,0.002059732,0.001172903,0.002231377,0.001773658,0.001029866,0.004634398,0.000743792,8.58E-05,0.00054354,0.001172903,0.001573407,0.000829614,0.0007724,0,0,5.72E-05,0,0,0.000200252,0,0.00011443,0,2.86E-05,0,0,0,0,0,0,0,0,0,0,0,0,0,0,17.09,38.22,11.78,0.28,0.7,5.93,15.14,0.28,0.28,15.02,14.48,1.34,1.27,0.39,0,0.51,0.21,0.3,1.65,0.93,0,0,1.78,0.05,0,0,0,0,0,0,0,0,0.23,0,0.23,0,0,0,0,0.24,5.69,0.26,0.47,0.47,0.47,0.34,0,0,0.37,0.37,0,0,0,2.72,21.37,0,0,0.05,0.37,1.56,0,0,2.25,0.11,2.36,0.11,3.46,0.01,0.05,0.32,0,0.05,0.23,0.49,1.24,0.49,0,0.1,0,0.17,0.19,0.2,0.01,0.01,0.2,0.2,0,0.02,0.22,0.05,0.21,0,30.57,9.19
G4NA,Grassland,1,HIDED,HIDED,4.16870494,0.219,7.31,19.04,5702.74,34.1,66.8,31,63.66666667,5.233333333,2.86,194,0,0,0,0,0,0,0,0,0,263,2181,0.736160948,0.166229892,0.0758376,0,0.019957263,0.001169213,0.000483812,0,0.000161271,0,0,0,0,0.255615004,0.186918829,0.181310978,0.125890532,0.07593488,0.088695602,0.023375583,0.010958199,0.003261709,0.008211496,0.003605047,0.004606449,0.004320334,0.008240108,0.001859747,0.001030013,0.003404767,0.002861148,0.002374753,0.001630855,0.000486395,0.000171669,0.000629453,0.002575034,0.000286115,8.58E-05,0.000743899,0.000171669,0,0.000343338,2.86E-05,0,0.00020028,8.58E-05,0,0,8.58E-05,0,0,0,0,0,0,0,0,0,0,0,0,0,0,17.94,34.04,6.02,1.43,1.81,2.01,12.85,1.72,1.43,3.31,14.76,1.67,4.24,0.56,0.12,4.45,0.51,0.02,0,2,0,0,0.21,0,0,0,0.02,0,0.02,0,0,0,0.36,0,0.36,0,0,0,0,0,5.02,0.02,0,0,0,1.53,0.06,0,0.02,0.02,0.01,0,0,0.2,19.52,0,0,0,0,0,0,0,0.12,0,0.12,0,3.18,0,0,0.06,0,0.02,0,0.03,0.27,0.03,0,0.3,0.01,0.01,0.57,0.64,0,0,0.64,0.64,0,0,0.64,0,0.17,0,23.65,4.13
G4NB,Grassland,1,HIDED,HIDED,3.961889872,0.285,4.88,13.9,8118.63,33.4,70.1,30.33333333,70,5.4,2.86,194,0,0,0,0,0,0,0,0,0,217,2525,0.773374189,0.144014837,0.056041608,0.013909608,0.011974358,0.000362859,0,0,0.000322542,0,0,0,0,0.301510557,0.220632832,0.13729473,0.106025062,0.046089146,0.085970132,0.024088802,0.018366997,0.016106883,0.010928649,0.004319963,0.003805001,0.002689249,0.00234594,0.001001316,0.004691881,0.002746467,0.002488986,0.002488986,0.000629399,0.002317331,0,0.00060079,0.001287406,2.86E-05,5.72E-05,0.000314699,0.000114436,8.58E-05,0.000171654,0.000228872,0,0.000400526,0.000114436,5.72E-05,0,0,0,0,0,0,0,0,0,0,0,0,0,0,0,0,22.31,35.89,14.25,2.46,5.75,3.07,17.82,2.46,2.46,8.24,17.84,3.13,2.96,1.3,0,2.23,3.2,0,0.22,1.2,0.52,0,2.88,0,0,0,0,0,0,0,0,0,0.43,0,0.43,0,0,0,0,0.01,4.56,0.06,0,0,0,0.78,0.03,0,0,0,0.03,0,0,0.18,21.11,0.26,0,0.02,0,0,0,0,0.35,0,0.35,0,3.21,0,0.02,0.06,0,0.02,0.07,0.05,1.4,0.05,0,0.54,0,0.31,0.06,0.09,0,0,0.09,0.09,0,0,0.09,0.02,0.17,0,25.43,4.32
G4NC,Grassland,1,HIDED,HIDED,4.30745818,0.282,4.63,15.27,9303.37,37.5,63.2,34,53,5.633333333,2.86,194,0,0,0,0,0,0,0,0,0,273,999,0.741724791,0.232633149,0.018828368,0.000564448,0.003064145,0.00157239,0.001088578,0,0.000161271,0,0.000362859,0,0,0.270339856,0.236869207,0.210550406,0.102328642,0.065768395,0.030209406,0.030781554,0.006007552,0.009554869,0.008925506,0.004319716,0.001716444,0.00669413,0.003003776,0.003776176,0.000629363,0.001373155,0.000715185,0.001001259,0.002317199,0.000486326,0,0.000200252,0,0.000486326,0.000886829,0.000371896,0.000343289,0,0.000257467,0,0,8.58E-05,0,0,0,0,0,0,0,0,0,0,0,0,0,0,0,0,0,0,11.48,30.93,20.78,0.22,0.89,0.26,8.24,0.25,0.22,2.67,9.62,1.41,3.27,0.73,0.11,2.52,0.16,0,10.4,0.31,0.17,0,7.37,0,0,0,0,0,0,0,0,0,0.43,0,0.43,0,0,0,0,0,6.26,0.05,0,0,0,1.02,0.01,0,0,0,0.02,0,0,0.27,21.51,0,0,0,0,0,0,0,0.07,0.07,0.15,0.07,2.76,0.1,0,0.05,0,0,0.16,0.11,0.54,0.11,0,0.11,0,0.02,0.16,0.21,0,0,0.21,0.21,0,0,0.21,0,0.24,0,25.55,4.05
G4ND,Grassland,1,HIDED,HIDED,3.796798352,0.234,3.77,16.23,10071.08,40.7,50.3,33.33333333,79,5.033333333,2.86,190,0,0,0,0,0,0,0,0,0,393,1218,0.71225255,0.206547595,0.067491836,0.002419062,0.003991453,0.003185099,0.003306052,0.000322542,0.000483812,0,0,0,0,0.233407713,0.258782469,0.175821032,0.094719075,0.072777206,0.0483751,0.024259069,0.008725255,0.03641721,0.005006294,0.006493878,0.001258725,0.009955372,0.004949079,0.004233894,0.001602014,0.000915437,0.002603273,0.001144296,0.004691612,0.000600755,0,0.00011443,0.00011443,0.001458977,0.001344547,0,0,0,0,0,0,0.000200252,0,0,0,2.86E-05,0,0,0,0,0,0,0,0,0,0,0,0,0,0,31.77,41,18.47,9.4,9.48,9.73,26.83,11.53,9.4,15.84,19.25,2.68,4.12,0.11,0.43,2.5,0.75,0,2.15,0.4,0.02,0,3.5,0,0,0,0,0,0,0,0,0,0.65,0,0.65,0,0,0,0,0,6.12,0.08,0,0,0,1.29,0.79,0,0,0,0,0,0,0.11,23.89,0.05,0,0.07,0,0,0,0,0.14,0,0.14,0,3.08,0,0.07,0.15,0,0.07,0.13,0.02,1.97,0.02,0,0.26,0,0.14,0.1,0.1,0,0,0.1,0.1,0,0,0.1,0.07,0.08,0,28.59,4.7
E1SA,2 years old,0,HIDED,HIDED,3.75462107,0.276,6.69,13.6,5612.29,34.9,55.7,29.33333333,66,5.6,10.27,201,1,1,1000,638.022375,5.7,0.125085649,4.8,0,1,181,1885,0.706003306,0.256864089,0.02826271,0.001653026,0.007216869,0,0,0,0,0,0,0,0,0.309760842,0.186462982,0.151676393,0.106162032,0.057758325,0.085707747,0.027262845,0.012272571,0.005063508,0.009440439,0.004462753,0.00208834,0.00328985,0.001516192,0.002946561,0.008896899,0.00723767,0.003060991,0.004519968,0.001287333,0.001401762,0,0.001573407,0.002116947,0.000143037,0.000171644,0.000686577,0,0.001029866,0.001029866,0.000743792,0,0.000228859,0,0,0,0,0,0,0,0,0,0,0,0,0,0,0,0,0,0,26.38,46.12,11.35,3.78,4.02,8.64,25.36,4.03,3.78,6.85,22.13,1.56,0.77,0,0,13.79,0.49,0.03,0.08,0.72,0,0,0.19,0,0,0,0,0,0,0,0,0,0.45,0,0.45,0,0,0,0,0,4.37,0.04,0,0,0,1.14,0.03,0,0,0,0.03,0,0,0.29,16.33,0,0,0.05,0,0,0,0,0.2,0,0.21,0,2.08,0,0.04,0.06,0,0.04,0.37,0.04,0.34,0.04,0,0.37,0,0.02,0.02,0.02,0,0,0.02,0.02,0,0,0.02,0.04,0.11,0,20.06,3.73
E1SB,2 years old,0,HIDED,HIDED,3.729295819,0.249,4.4,14.98,8475.67,36.5,52.9,32.33333333,67.33333333,5.5,10.27,201,1,1,1000,638.022375,5.7,0.125085649,4.8,0,1,130,2015,0.456960852,0.529532718,0.009394025,0,0.003064145,0,0,0.000886989,8.06E-05,0,8.06E-05,0,0,0.334134409,0.120333019,0.185992619,0.12765714,0.05633279,0.086745058,0.016622321,0.008697394,0.005865019,0.010413984,0.000944125,0.002088519,0.004434526,0.006809144,0.003433182,0.003576231,0.005979458,0.003576231,0.00371928,0.000486367,0.001173004,0,0.003519011,0.002603496,0.000143049,8.58E-05,0.002031299,0,0.000171659,0.000600807,0.000200269,0.001144394,0,0.000257489,0.000114439,0,0.000114439,0,0,0,0,0,0,0,0,0,0,0,0,0,0,11.94,64.25,2.1,0.29,0.67,0.29,10.23,0.29,0.29,1.27,10.95,0.61,1.71,0,0,0.42,0.12,0,0,0.31,0,0,0.63,0,0,0,0,0,0,0,0.06,0.06,0.09,0,0.09,0,0,0,0,0,3.34,0.26,0,0,0,1.25,0.03,0,0,0,0,0,0,0.11,15.15,0.01,0,0,0,0,0,0,0.21,0,0.21,0,1.84,0,0,0.02,0,0,0.06,0,0.09,0,0,0.41,0,0,0.17,0.53,0,0,0.53,0.53,0,0,0.53,0,0.11,0,20.23,5.08
E1SC,2 years old,0,HIDED,HIDED,3.802396807,0.276,6.51,13.78,5840.86,35.3,60.5,31.66666667,60.33333333,5.233333333,10.27,201,1,1,1000,638.022375,5.7,0.125085649,4.8,0,1,237,1836,0.771116397,0.192275128,0.022900456,0.002902875,0.007499093,0.000846672,0.000967625,0.001491755,0,0,0,0,0,0.244205345,0.212442053,0.13927202,0.124935615,0.059520403,0.105505637,0.025439249,0.009271447,0.013535169,0.018228123,0.005808962,0.001802781,0.007382819,0.000858467,0.002146168,0.011045613,0.002403709,0.003004636,0.001344932,0.005894809,0.001602472,0,0.000801236,0.000372003,0.00148801,0.000286156,0.000829852,0,0.000143078,0.000372003,5.72E-05,0,0,0,0,0,0,0,0,0,0,0,0,0,0,0,0,0,0,0,0,21.2,40.95,5.7,1.19,1.5,1.19,18.04,1.19,1.19,8.09,18.72,1.01,3.25,0.04,0.1,6.83,0.04,0,0.1,0.75,0,0,2.65,0,0,0,0,0,0,0,0,0,0.58,0,0.58,0,0,0,0,0,5.36,0,0,0,0,0.79,0,0,0,0,0,0,0,0.15,18.16,0,0,0,0,0,0,0,0.09,0,0.09,0,1.06,0,0,0.01,0,0,0.12,0.03,0.19,0.03,0,0.58,0,0.02,0.02,0.02,0,0,0.02,0.02,0,0,0.02,0,0.26,0,23.76,5.6
E1SD,2 years old,0,HIDED,HIDED,3.98847205,0.546,6.68,7.3,5970.77,39.4,51.9,31.33333333,77.33333333,5.1,10.27,205,1,1,1000,638.022375,5.7,0.125085649,4.8,0,1,276,2518,0.768052252,0.169011813,0.052735556,0.004112406,0.002378745,0.00104826,0.000201589,0.002257791,0,0,0.000201589,0,0,0.250357736,0.209089348,0.132448057,0.125178868,0.037004178,0.100681129,0.03022151,0.014595616,0.009816267,0.012792628,0.003520119,0.000772709,0.004607636,0.021092095,0.001774369,0.007927423,0.005552058,0.004922443,0.002146414,0.005151394,0.002432603,0,0.001345086,0.001602656,0.001087516,0.001459562,0.000658234,0,0.000400664,0.000715471,0.000400664,0.008156373,8.59E-05,0,0.000543758,5.72E-05,0,2.86E-05,0.000171713,0.000944422,0,0,0.00025757,0,0,0,0,0,0,0,0,28.52,35.6,13.46,8.64,9.47,9.94,26.38,8.7,8.64,10.35,17.99,1.03,1.39,0.48,0.02,1.34,0.62,0,0.65,0.24,0,0,1.86,0,0,0,0.02,0,0.02,0,0.46,0.46,0.35,0,0.35,0,0,0,0,0,4.86,0.02,0,0,0,0.42,0.06,0.12,0,0.12,0.02,0,0,0.44,15.73,0,0,0,0,0,0,0,0.06,0,0.06,0,0.86,0,0,0,0,0.02,0.13,0.23,0.53,0.23,0,0.44,0,0.05,1.87,1.89,0,0,1.89,1.89,0,0,1.89,0,0.13,0,21.51,5.79
E2NA,2 years old,1,HIDED,HIDED,4.573279955,0.302,12.11,15.14,3776.45,34.2,62.6,30,47.66666667,5.433333333,10.27,167,1,6,900,5501.445625,6.683333333,1.279100098,5.6,0,6,369,1879,0.759504899,0.129702052,0.078256663,0.011490545,0.012498488,0.004152723,0.003830182,0.000161271,0.000403177,0,0,0,0,0.223852844,0.22082046,0.074693901,0.077926536,0.082875615,0.182600984,0.026519053,0.012987756,0.040136171,0.012987756,0.005349582,0.008868292,0.002717702,0.005063508,0.000743792,0.002460236,0.002059732,0.005721478,0.002002517,0.001716444,0.001344547,0,0.001087081,0.001544799,0.00120151,0.000200252,0.000715185,0,0.000314681,0.000743792,0.000600755,0,0,5.72E-05,0,8.58E-05,0,0,0,0,0,0,0,0,0,0,0,0,0,0,0,20.02,29.57,8.79,2.19,2.71,2.98,17.57,2.19,2.19,6.78,15.52,2.76,2.34,0.48,0.44,1.24,0.29,0.29,0.07,1.25,0,0,2.07,0,0.09,0,0,0,0,0.02,0,0.02,0.53,0,0.53,0,0,0,0,0,7.74,0.07,0,0,0,1.85,0.1,0,0,0,0.02,0,0,0.15,19.93,0.07,0,0.06,0,0,0,0,0.21,0,0.21,0,1.28,0,0.06,0.15,0,0.06,0.23,0.04,0.27,0.04,0,0.23,0,0.04,0.38,0.39,0,0,0.39,0.39,0,0.01,0.39,0.06,0.15,0,24,4.07
E2NB,2 years old,1,HIDED,HIDED,4.115274764,0.297,6.4,13.86,6430.12,36.7,56.7,29.33333333,31,6.033333333,10.27,176,1,6,900,5501.445625,6.683333333,1.279100098,5.6,0,6,386,1876,0.740757166,0.194089425,0.04511551,0,0.01334516,0.003709229,0.002419062,0,0.000564448,0,0,0,0,0.270363059,0.22318542,0.100134466,0.0862873,0.112436701,0.106256974,0.022372901,0.004377307,0.0130747,0.017709496,0.002031299,0.003290132,0.008525735,0.008439905,0.000543587,0.002403227,0.001573542,0.005836409,0.000801076,0.004262867,0.001058564,0,0.001573542,0.000829686,0.000801076,0.000171659,0.001173004,8.58E-05,0,0,0.000200269,0,0.000200269,0,0,0,0,0,0,0,0,0,0,0,0,0,0,0,0,0,0,22.41,42.53,7.35,1.79,2.19,3.23,19.73,1.79,1.79,5.56,17.71,2.06,1.55,0.28,0.29,1.81,0.29,0.22,0.17,1.33,0.13,0,0.15,0,0.05,0,0,0,0,0,0,0,0.2,0,0.2,0,0,0,0,0,7.54,0.01,0,0,0,0.95,0.07,0,0,0,0,0,0,0.11,20.17,0.03,0,0,0,0,0,0,0.06,0,0.06,0,0.39,0,0.02,0.1,0,0.02,0.16,0.04,0.19,0.04,0,0.39,0,0.03,0.8,0.8,0,0,0.8,0.8,0,0.02,0.82,0,0.16,0,27.07,6.9
E2NC,2 years old,1,HIDED,HIDED,3.731624623,0.273,5.62,13.67,6639.9,33.9,67.4,31.33333333,47,4.933333333,10.27,176,1,6,900,5501.445625,6.683333333,1.279100098,5.6,0,6,137,1848,0.718017982,0.242027174,0.025883966,0,0.006612103,0.00104826,0.006410515,0,0,0,0,0,0,0.240645383,0.200223138,0.080644238,0.104130907,0.108107335,0.145554411,0.032555212,0.007209063,0.010928024,0.020110997,0.008238929,0.003804783,0.007008811,0.001659229,0.00120151,0.003976428,0.000715185,0.003318457,0.001287333,0.007209063,0.001401762,0,0.002031125,0.002231377,0.002774917,0.001344547,0.000915437,2.86E-05,0.000314681,0.00011443,0,0,0.000228859,0,8.58E-05,0,0,0,0,0,0,0,0,0,0,0,0,0,0,0,0,23.35,51.95,5.32,0,4.49,2.29,22.03,0,0,12.59,22.18,2.53,1.36,0.5,0.64,1.1,0.46,0,0,0.66,0.29,0,0,0,0,0,0.01,0,0.01,0,0,0,0.82,0,0.82,0,0,0,0,0,6.57,0,0,0,0,1.88,0,0,0,0,0,0,0,0.07,19.93,0.14,0,0,0,0,0,0,0.18,0,0.18,0,0.77,0,0.01,0.07,0,0.03,0.02,0.03,0.63,0.03,0,0.34,0,0.02,0.16,0.16,0,0,0.16,0.16,0,0,0.16,0,0.22,0,26.22,6.28
E2ND,2 years old,1,HIDED,HIDED,3.922016606,0.302,9.54,12.99,4111.13,32.6,68.5,30.66666667,18.33333333,6.166666667,10.27,180,1,6,900,5501.445625,6.683333333,1.279100098,5.6,0,6,163,1653,0.857355965,0.100229811,0.024996976,0,0.003346369,0.003628593,0.007095916,0,0.000362859,0.00298351,0,0,0,0.228601671,0.170442842,0.138516993,0.087452798,0.138230919,0.18297288,0.005235153,0.000972651,0.012587253,0.008267536,0.000343289,0.006207804,0.002860739,0.000944044,0.000486326,0.000314681,0.004949079,0.004748827,0.00065797,0.000600755,0.000514933,0,0.000400503,0.001230118,0.000686577,0,0.001773658,0,0,0,0,0,0,0,0,0,0,0,0,0,0,0,0,0,0,0,0,0,0,0,0,14.96,35.6,5.89,0.27,1.2,0.34,11.91,0.31,0.27,10.89,12.94,4.59,2.86,1.01,0.71,2.36,1.04,1.62,0.04,0.33,0,0.06,0,0,0,0,0.03,0,0.03,0,0,0,0.03,0,0.03,0,0,0,0,0,6.71,0.1,0,0,0,0.93,0.05,0,0,0,0,0,0,0.01,19.85,0,0,0.01,0,0,0,0,0.1,0,0.1,0,0.83,0,0,0.09,0,0.03,0.15,0,0.16,0,0,0.06,0,0,0.01,0.06,0,0,0.06,0.06,0,0,0.06,0,0.07,0,23.21,3.36
E3SA,2 years old,0,HIDED,HIDED,5.011885884,0.335,5.01,14.96,10003.76,34.5,60.5,30.66666667,71.33333333,5.366666667,10.27,245,0,0,1200,0,0,0,0,0,0,375,2131,0.59392009,0.358706608,0.029230335,0.005846067,0.009676249,0.002096521,0.000362859,0,0.000161271,0,0,0,0,0.306946272,0.213194484,0.178205642,0.109515363,0.036018768,0.038965498,0.030783315,0.016993763,0.012330492,0.008697145,0.005092407,0.000143045,0.007695829,0.003204211,0.005550152,0.003747783,0.004663272,0.002517595,0.000944098,0.004548836,0.001745151,0,0.000371917,0.00148767,0.000915489,0.001144361,0.001373233,0,0.000543572,0.000658008,0.000686617,0,5.72E-05,0.000314699,0.000543572,0.000200263,5.72E-05,0.000143045,0,0,0,0,0,0,0,0,0,0,0,0,0,17.23,52.57,22.6,5.27,5.33,5.3,15.57,5.76,5.1,8.04,10.61,0.46,1.35,0.02,0.23,3.03,0.23,0.05,0.02,0.97,0,0,2.91,0,0,0,0,0,0,0.01,0,0.01,0.51,0,0.51,0,0,0,0,0,5.17,0.01,0,0,0,0.39,0.02,0,0.01,0.01,0,0,0,0.29,16.96,0.05,0,0,0,0,0,0,0.1,0,0.1,0,0.87,0,0,0.05,0,0,0.1,0.01,0.52,0.01,0,0.33,0,0,0.03,0.03,0,0,0.03,0.03,0,0,0.03,0,0.08,0,23.25,6.29
E3SB,2 years old,0,HIDED,HIDED,4.108091849,0.291,7.12,14.12,5769.79,32.5,75.1,30.33333333,60.33333333,6.266666667,10.27,245,0,0,1200,0,0,0,0,0,0,152,1642,0.692738782,0.276135951,0.010724509,0.002580333,0.004193041,0.001370802,0.005926702,0.002580333,0.002822239,0.000927307,0,0,0,0.322576954,0.210693443,0.136657512,0.115573864,0.049233322,0.065940039,0.016306214,0.017078613,0.012387001,0.01052752,0.000915437,0.005835908,0.003833391,0.003633139,0.000972651,0.008896899,0.007209063,0.001115688,0.002832132,0.000600755,0.001087081,0,0.001573407,0.001659229,0.00011443,0,0.001029866,5.72E-05,0.000858222,0.000629363,0.00011443,0,0,0,5.72E-05,0,0,0,0,0,0,0,0,0,0,0,0,0,0,0,0,21.61,45.48,15.63,5.28,6.6,5.39,18.17,5.36,5.28,8.39,15.55,5.08,2.22,1.02,0.59,2.11,1.47,0,4.48,0.42,0,0.02,0.27,0,0,0,0.02,0,0.02,0,0,0,0.09,0,0.09,0,0,0,0,0,5.16,0.02,0,0,0,1.13,0.04,0,0.04,0.04,0,0,0,0.14,19.66,0,0,0.02,0,0,0,0,0.33,0,0.33,0,2.62,0,0.02,0.02,0,0.05,0.2,0,0.18,0,0,0.43,0,0,0.2,0.21,0,0,0.21,0.21,0.02,0.13,0.33,0.02,0.24,0,22.66,3
E3SC,2 years old,0,HIDED,HIDED,5.650941963,0.163,4.29,34.67,13172.36,32.5,75.1,29.33333333,87.66666667,4.833333333,10.27,245,0,0,1200,0,0,0,0,0,0,168,1283,0.642422288,0.268112728,0.065556586,0,0.013990243,0.006450833,0,0.003467323,0,0,0,0,0,0.194043941,0.205772972,0.077754892,0.086365717,0.091515047,0.10421673,0.040679712,0.016334821,0.10421673,0.010069802,0.031325094,0.005406797,0.002860739,0.00328985,0.00120151,0.003776176,0.005864515,0.00120151,0.002717702,0.000457718,0.002660487,0,0.00065797,0.002288591,0,0,0.001287333,0,0.001659229,0.00120151,0,0,0.00065797,0,0,0,0,0,0,0,0.000514933,0,0,0,0,0,0,0,0,0,0,17.22,48.96,13.06,1.36,1.98,1.37,15.82,1.36,1.36,7.66,14.4,1.68,2.17,0.51,0,11.41,0,0,8.62,1.4,0,0,0,0,0,0,0.01,0,0.01,0,0,0,3.13,0,3.13,0,0,0,0,0,5.58,0.18,0,0,0,2.29,0.02,0,0,0,0,0,0,0.5,19.22,0,0,0.02,0,0,0,0,0.46,0,0.46,0,1.48,0,0.03,0.09,0,0.05,1.46,0,0.62,0,0,0.77,0,0,0.1,0.2,0,0,0.2,0.2,0,0.04,0.24,0.03,0.16,0,21.95,2.72
E3SD,2 years old,0,HIDED,HIDED,5.560215261,0.234,3.92,23.76,14184.22,31.2,62.6,28,64.33333333,5.3,10.27,249,0,0,1200,0,0,0,0,0,0,186,1668,0.73297585,0.22839979,0.032576704,0,0.006047656,0,0,0,0,0,0,0,0,0.294117647,0.197928588,0.099279011,0.096503777,0.076819638,0.117847333,0.035334173,0.009212634,0.003833829,0.017137789,0.003547723,0.005350195,0.004892424,0.007524605,0.000715267,0.003347448,0.006780728,0.002403296,0.004005493,0.002489128,0.000629435,0,0.002689403,0.002889677,0.000257496,0,0.00128748,0.000228885,0.001258869,0.001087205,0.000457771,0,0,0,0.000143053,0,0,0,0,0,0,0,0,0,0,0,0,0,0,0,0,22.89,37.25,6.66,1.02,5,1.37,19.16,1.47,1.02,6.17,19.22,2.08,3.63,0.42,0,1.67,3.98,0,1.98,0.6,0,0,0.33,0,0,0,0.09,0,0.09,0,0,0,0.35,0,0.35,0,0,0,0,0,5.27,0.31,0,0,0,1.01,0.03,0,0,0,0,0,0,0.17,18.13,0,0,0.07,0,0,0,0,0.11,0,0.11,0,0.86,0,0.11,0.15,0,0.2,0.05,0.02,0.18,0.02,0,0.34,0,0,0.13,0.57,0,0,0.57,0.57,0.05,0.05,0.62,0.07,0.19,0,24.26,6.13
E4NA,2 years old,1,HIDED,HIDED,5.679196673,0.249,4.8,22.81,11831.66,35,60.8,30.66666667,56.33333333,5.7,10.27,245,3,6,1200,4871.081875,6.35,2.123165433,9.5,1,5,282,2309,0.595492481,0.378663871,0.015401363,0.000443495,0.007982905,0.001128896,0.000886989,0,0,0,0,0,0,0.298423327,0.222107763,0.072652874,0.0862735,0.065928406,0.1415286,0.03745672,0.020917389,0.007983518,0.007268149,0.002832861,0.004664206,0.001774115,0.001974418,0.001115976,0.007010616,0.00294732,0.002632558,0.002546714,0.001115976,0.001917189,0,0.001487967,0.003719919,0.000486451,5.72E-05,0.000858443,0,0.000572295,0.00060091,0.000572295,0,8.58E-05,0.000257533,2.86E-05,2.86E-05,0.000171689,0,0,0,0,0,0,0,0,0,0,0,0,0,0,43.97,54.34,25.42,19.99,20.67,20.38,41.45,19.99,19.99,23.4,22.44,3.61,2.44,0.87,0.13,3.01,0,0,0.56,0.8,0,0,0.16,0,0,0,0,0,0,0.01,0,0.01,0.28,0,0.28,0,0,0,0,0,4.85,0.06,0,0,0,1.79,0.13,0,0,0,0.04,0,0,0.27,19.92,0.03,0,0.03,0,0,0,0,0.08,0,0.08,0,0.61,0,0,0.1,0,0,0.18,0.04,0.37,0.04,0,0.33,0,0.01,0.1,0.17,0,0,0.17,0.17,0,0.01,0.17,0,0.23,0,22.96,3.04
E4NB,2 years old,1,HIDED,HIDED,5.903939341,0.285,6.13,20.72,9631.22,36.4,56.7,29,84.66666667,5.066666667,10.27,247,3,6,1200,4871.081875,6.35,2.123165433,9.5,1,5,148,1439,0.566383099,0.364552675,0.050961577,0,0.00999879,0.004193041,0.00157239,0.001894932,0,0,0.000443495,0,0,0.305295683,0.21383,0.078591251,0.11441078,0.066174577,0.098675364,0.056790547,0.012988871,0.009784568,0.004806454,0.003633451,0.003976769,0.004548966,0.002231568,0.000743856,0.00572197,0.003118473,0.000915515,0.005178382,0.000600807,0.000658026,0,0.000772466,0.003004034,0.000171659,0.000171659,0.000457758,0.000286098,0.000944125,0.000429148,0.000572197,0,0,0,0,0.000514977,0,0,0,0,0,0,0,0,0,0,0,0,0,0,0,9.84,48.8,4.5,0.77,0.76,0.46,8.27,0.46,0.46,3.48,8.62,2.57,0.78,0.47,1.23,1.42,0.12,0,0,1,0,0,0.21,0,0,0,0.15,0,0.15,0,0,0,0.36,0,0.36,0,0,0,0,0,5.25,0.06,0,0,0,2.61,0.1,0,0,0,0,0,0,0.32,20.3,0.05,0,0.14,0,0,0,0,0.22,0.05,0.27,0.05,1.65,0,0.05,0.05,0,0.2,0.49,0.04,0.37,0.04,0,0.48,0,0,0.18,0.18,0,0,0.18,0.18,0,0,0.18,0.05,0.23,0,24.29,3.99
E4NC,2 years old,1,HIDED,HIDED,5.480118665,0.228,3.2,24.04,17125.37,38.1,51.9,32.66666667,74,5.1,10.27,247,3,6,1200,4871.081875,6.35,2.123165433,9.5,1,5,101,1354,0.758577591,0.069507721,0.150868847,0,0.018183284,0.002499698,0,0,0.000362859,0,0,0,0,0.207701551,0.185300681,0.038507753,0.131172398,0.120329576,0.213280311,0.045030612,0.001974023,0.015992447,0.007524175,0.002260113,0.002918121,0.006236768,0.006379813,0.000429135,0.005349888,0.000686617,0.001373233,0.002317331,0.000429135,0.001058534,0,0.000944098,0.000944098,0,0,0.000257481,0,0.001344624,0.000171654,0,0,0,0,0,8.58E-05,0,0,0,0,0,0,0,0,0,0,0,0,0,0,0,24.65,38.63,7.12,0,5.26,0.55,18.78,0,0,8.03,23.53,5.12,2.34,0,0,2.37,3.53,3.18,0,1.82,0,0,0,0,0,0,0.03,0,0.03,0,0,0,0.23,0,0.23,0,0,0,0,0,6.43,0,0,0,0,5,0.11,0,0,0,0.03,0,0,0.18,23.22,0,0,0,0,0,0,0,0.12,0,0.12,0,1.04,0,0,0,0,0.03,0.37,0,0.15,0,0,0.24,0,0,0.58,0.58,0,0,0.58,0.58,0,0,0.58,0,0.13,0,25.61,2.39
E4ND,2 years old,1,HIDED,HIDED,5.890719184,0.24,2.97,24.54,19834.07,37.1,60.2,31.66666667,76,5.2,10.27,249,3,6,1200,4871.081875,6.35,2.123165433,9.5,1,5,177,1227,0.557593839,0.407692618,0.02318268,0.000322542,0.008990848,0.000806354,0,0.00141112,0,0,0,0,0,0.26722165,0.207174734,0.116861197,0.077382996,0.069830644,0.174905596,0.021484152,0.006751345,0.015076096,0.006865774,0.004090857,0.00340428,0.00208834,0.007838425,0.000572148,0.004663005,0.001144296,0.002116947,0.001659229,0.000429111,0.002317199,0,0.001115688,0.000572148,0.000228859,0.000486326,0.001487584,0.000514933,0.001001259,0.000343289,0.000171644,0,8.58E-05,0,0.00011443,0,0,0,0,0,0,0,0,0,0,0,0,0,0,0,0,39.09,55.96,26.78,22.84,23.42,22.94,35.95,22.95,22.84,25.61,14.07,1.77,2.17,0.42,0,1.09,0.46,0.29,0.1,0.9,0,0,0.56,0,0,0,0.01,0,0.01,0,0,0,0.41,0,0.41,0,0,0,0,0,6.39,0,0,0,0,2.49,0.08,0,0,0,0.03,0,0,0.08,18.86,0.04,0,0,0,0,0,0,0.16,0,0.16,0,1.86,0,0,0.01,0,0.01,0.23,0,0.13,0,0,0.31,0,0,0.68,0.68,0,0,0.68,0.68,0,0,0.68,0,0.13,0,21.56,2.71
I1SA,10 years old,0,HIDED,HIDED,7.01042902,0.489,11.77,14.34,5956.18,32.1,71.3,28,37,6.866666667,91.16,274,4,18,6200,233463.7571,24.02777778,181.3386738,15.9,3,15,333,1903,0.414385357,0.414345039,0.064105149,0.052735556,0.00701528,0.022577914,0.021045841,0.001653026,0.002136838,0,0,0,0,0.240645383,0.301207232,0.163634283,0.081130564,0.097637029,0.023543884,0.019424419,0.013731548,0.005807301,0.00789564,0.00669413,0.00855361,0.004005035,0.002059732,0.003490102,0.002431628,0.005778693,0.001544799,0.001659229,0.000514933,0.001573407,0.003490102,0.000972651,0.000972651,0.000171644,0,0.000143037,0.000514933,0,0.000400503,0.000200252,0,8.58E-05,0,0,0,0,0,0,0,0,0,0,0,0,0,0,0,8.58E-05,0,0,15.69,44.01,23.82,0.27,3.01,14.02,5.33,0.27,0.27,18.43,4.16,8.49,7.6,0.17,2.1,6.16,2.12,0.59,0.06,0.7,0,0,0.39,0,0.08,0,0.03,0,0.03,0,0,0,0.67,0,0.67,0,0,0,0,0.01,9.01,0.12,0,0,0,1.15,0.07,0,0,0,0,0,0,0.75,26.6,0.06,0,0.12,0,0,0,0,0.39,0.14,0.53,0.14,3.28,0,0.05,0.24,0,0.07,0.15,0.13,0.94,0.13,0,0.42,0,0.06,0.07,0.07,0.01,0.01,0.07,0.07,0,0.01,0.07,0.05,0.1,0,31.69,5.09
I1SB,10 years old,0,HIDED,HIDED,5.966647204,0.344,8.04,17.34,7421.2,31.3,72.4,28.33333333,65,6.133333333,91.16,279,4,18,6200,233463.7571,24.02777778,181.3386738,15.9,3,15,182,1958,0.391484901,0.341490949,0.097326936,0.132685562,0.028020804,0.004152723,0.003023828,0.000403177,0.00141112,0,0,0,0,0.294506438,0.290300429,0.070042918,0.056824034,0.101459227,0.057424893,0.032560801,0.012274678,0.010987124,0.022632332,0.005121602,0.006723891,0.002660944,0.001459227,0.002288984,0.006638054,0.001831187,0.003519313,0.00148784,0.000171674,0.003004292,0.004406295,0.003433476,0.003433476,0.001030043,0.000143062,8.58E-05,0.000429185,0.001974249,8.58E-05,0.001058655,0,0,0,0,0,0,0,0,0,0,0,0,0,0,0,0,0,0,0,0,11.72,20.14,37.9,0.26,2.69,27.32,5.98,0.26,0.26,7.53,3.42,6.29,5.15,0.12,0.3,0.3,1.19,3.62,0,2.8,0,0,0,0,0,0,0,0,0,0.11,0,0.11,0.51,0,0.51,0,0,0,0,0,8.68,0,0,0,0,3.1,0.15,0,0.01,0.01,0,0,0,0.11,22.7,0.1,0,0,0,0,0,0,0.26,0,0.26,0,1.68,0,0,0.01,0,0,0.19,0.06,0.61,0.06,0,0.42,0,0.03,0.02,0.02,0,0,0.02,0.02,0,0,0.02,0,0.04,0,27.16,4.46
I1SC,10 years old,0,HIDED,HIDED,6.944982698,0.48,32.21,14.47,2156.16,32,75.7,28.66666667,39,6.833333333,91.16,279,4,18,6200,233463.7571,24.02777778,181.3386738,15.9,3,15,353,2394,0.373704794,0.359271056,0.137241463,0.107083821,0.00193525,0.005362255,0.008990848,0.005563843,0.000846672,0,0,0,0,0.281868635,0.392722279,0.089426708,0.053924934,0.074751116,0.010184232,0.020225426,0.014761414,0.001802266,0.013674333,0.004348324,0.013502689,0.003146813,0.003261243,0.001344547,0.002031125,0.003146813,0.003347065,0.002889347,0.000429111,0.001115688,0.004205287,0.001258725,0.001487584,0.000171644,0,0,0.000228859,0.000257467,0.000257467,0,0,5.72E-05,5.72E-05,0,5.72E-05,5.72E-05,0,0,0,0,0,0,0,0,0,0,0,0,0,0,16.64,34.26,27.83,0.11,1.17,17.26,2.49,0.25,0.11,8.74,3.56,8.65,11.89,0.31,0.84,1.42,1.08,1.56,0.08,0.19,0.38,0.16,0.25,0,0.53,0,0.03,0,0.03,0,0,0,0.43,0,0.43,0,0,0,0,0.03,13.31,0.06,0,0,0,1.02,0.03,0,0,0,0.02,0,0,0.42,31.22,0.04,0,0.07,0,0,0,0,0.33,0,0.33,0,1.35,0,0.06,0.2,0,0.08,0.06,0.07,0.85,0.07,0.01,0.23,0,0.19,0.09,0.09,0,0,0.09,0.09,0,0,0.09,0.06,0.12,0,36.2,4.98
I1SD,10 years old,0,HIDED,HIDED,5.596788475,0.311,7.92,18,7066.65,31.8,73.3,28.33333333,49,6.066666667,91.16,280,4,18,6200,233463.7571,24.02777778,181.3386738,15.9,3,15,360,1634,0.29230335,0.446558884,0.091279281,0.128452203,0.005321937,0.011772769,0.016288352,0.004757489,0.003185099,0,8.06E-05,0,0,0.3270111,0.354016478,0.105704314,0.04113743,0.04771713,0.014618377,0.018051264,0.006207804,0.006408056,0.01381737,0.015734066,0.01261586,0.006922989,0.002259984,0.004863257,0.008811077,0.000915437,0.003804783,0.001287333,0.002259984,0.000801007,0.001258725,0.001172903,0.000743792,0.00054354,0,0,0.000600755,0.000400503,0.000200252,0,0,0.00011443,0,0,0,0,0,0,0,0,0,0,0,0,0,0,0,0,0,0,15.51,24.27,35.24,0.41,0.7,26.02,4.38,0.41,0.41,4.92,3.88,6.81,10.41,0.84,1.56,1.77,0.37,1.92,0,0.53,0.71,0,0,0,0,0,0,0,0,0,0,0,1.57,0,1.57,0,0,0,0,0,14.88,0.01,0,0,0,1.21,0.15,0,0,0,0,0,0,0.09,28.32,0.2,0,0,0,0,0,0,0.27,0,0.27,0,2.19,0,0.04,0.06,0,0.04,0.18,0.04,0.49,0.04,0,0.21,0,0.01,0.05,0.05,0,0,0.05,0.05,0,0,0.05,0,0.12,0,31.56,3.24
I2NA,10 years old,1,HIDED,HIDED,6.058727899,0.383,11.98,15.82,5057.37,28.4,76.3,26.66666667,58,6.233333333,91.16,287,6,24,1900,216614.3894,18.67916667,168.1649947,21.44,9,15,116,1733,0.2268274,0.584042253,0.060033061,0.107769221,0.01737693,0,0.003588276,0,0.000362859,0,0,0,0,0.365373613,0.213067857,0.155166495,0.080701453,0.041051608,0.032126101,0.019882138,0.010155624,0.002259984,0.006865774,0.006436663,0.017364687,0.006322234,0.007066026,0.006837167,0.005492619,0.003718961,0.002689095,0.001344547,0.000200252,0.002832132,0.000743792,0.004090857,0.004748827,0.000371896,8.58E-05,0.000801007,0.001115688,0.000715185,0.000257467,0.00011443,0,0,0,0,0,0,0,0,0,0,0,0,0,0,0,0,0,0,0,0,2.67,26.61,17.55,0,1.58,14.22,0.33,0.15,0,9.66,1,1.53,1.34,0,3.06,3.29,1.35,0.25,0,1.74,0,0,0.06,0,0,0,0,0,0,0.01,0,0.01,0.64,0,0.64,0,0,0,0,0,7.49,0.03,0,0,0,1.34,0.1,0,0,0,0.01,0,0,0.15,17.9,0,0,0.04,0,0,0,0,0.21,0,0.21,0,2.11,0,0,0.02,0,0,0.19,0.12,0.47,0.12,0.03,0.56,0,0,0.34,0.35,0,0,0.35,0.35,0,0,0.35,0,0.1,0,21.82,3.92
I2NB,10 years old,1,HIDED,HIDED,6.42705068,0.418,12.02,15.38,5346.96,28.5,75.9,26,65.66666667,5.566666667,91.16,297,6,24,1900,216614.3894,18.67916667,168.1649947,21.44,9,15,289,NA,0.393500786,0.330282627,0.132443656,0.076039189,0.028988429,0.011611499,0.017296295,0.009273072,0,0,0.000564448,0,0,NA,NA,NA,NA,NA,NA,NA,NA,NA,NA,NA,NA,NA,NA,NA,NA,NA,NA,NA,NA,NA,NA,NA,NA,NA,NA,NA,NA,NA,NA,NA,NA,NA,NA,NA,NA,NA,NA,NA,NA,NA,NA,NA,NA,NA,NA,NA,NA,NA,NA,NA,15.93,27.45,23.97,0.1,1.42,10.21,2.1,0.17,0.1,9.35,2.57,8.7,10.18,0.59,1.73,2.6,1.02,1.11,0.27,2.9,0,2.31,0.15,0,0.36,0,NA,NA,NA,NA,NA,NA,NA,NA,NA,NA,NA,NA,NA,NA,NA,NA,NA,NA,NA,NA,NA,NA,NA,NA,NA,NA,NA,NA,NA,NA,NA,NA,NA,NA,NA,NA,NA,NA,NA,NA,NA,NA,NA,NA,NA,NA,NA,NA,NA,NA,NA,NA,NA,NA,NA,NA,NA,NA,NA,NA,NA,NA,NA,NA,NA,NA,NA,NA
I2NC,10 years old,1,HIDED,HIDED,6.750029386,0.38,18.84,17.76,3582.82,29.3,73.3,26.66666667,47,6.3,91.16,297,6,24,1900,216614.3894,18.67916667,168.1649947,21.44,9,15,239,1920,0.218521953,0.694432125,0.043583437,0.031286538,0.002499698,0.005039713,0.003023828,0.000403177,0.001209531,0,0,0,0,0.339837491,0.283703365,0.176413367,0.040627146,0.066519799,0.018511101,0.013962005,0.00772488,0.005893797,0.004577707,0.005235752,0.011501488,0.003290227,0.001802472,0.004463264,0.002546349,0.005092699,0.002489128,0.001344701,0.000228885,0.001230259,0.000801099,0.000715267,0.000343328,0,0,0.000200275,0.000400549,0,0,0.000200275,0,0,2.86E-05,0,0.000286107,0,0,0,0,0,0,0,0,0,0,0,0,0,0,2.86E-05,6.39,57.83,20.2,0.06,0.82,16.66,1.26,0.02,0.02,6.35,2.39,2.6,3.06,0.26,0.25,0.46,0.22,0.01,0,0.25,0,0.69,0.04,0,0.12,0,0,0,0,0,0,0,0.52,0,0.52,0,0,0,0,0,11.25,0,0,0,0,0.98,0.09,0,0.02,0.02,0.03,0,0.02,0.26,24.42,0.08,0,0,0,0,0,0,0.2,0.06,0.26,0.06,2.86,0,0.02,0.05,0,0.02,0.3,0.05,0.49,0.05,0,0.24,0,0.01,0.11,0.11,0,0,0.11,0.11,0,0.01,0.12,0.02,0.05,0,28.04,3.62
I2ND,10 years old,1,HIDED,HIDED,5.887720894,0.335,13.92,17.58,4229.68,29.3,75.9,27.33333333,56.66666667,5.966666667,91.16,307,6,24,1900,216614.3894,18.67916667,168.1649947,21.44,9,15,244,2171,0.471636496,0.172962948,0.314840947,0.018344555,0.008829577,0.009635931,0.001209531,0.002298109,0.000241906,0,0,0,0,0.30472103,0.293505007,0.1018598,0.068211731,0.070357654,0.054020029,0.022947067,0.005121602,0.009270386,0.006723891,0.011359084,0.007839771,0.009670959,0.007868383,0.003891273,0.004148784,0.001402003,0.004892704,0.00111588,0.001602289,0.001230329,0.001258941,0.001516452,0.002288984,0.000457797,0.000114449,0.000543634,0.000486409,0.001287554,0.000171674,5.72E-05,0,0,0,0,5.72E-05,0,0,0,0,0,0,0,0,0,0,0,0,0,0,0,19.68,35.28,20.01,0.17,1,8.37,8.04,0.17,0.17,8.71,8.72,9.41,9.92,2.47,0.12,1.97,1.05,1.07,0,0.88,0,0,0.31,0,2.13,0,0.01,0,0.01,0,0,0,1.14,0,1.14,0,0,0,0,0,11.63,0.03,0,0,0,2.34,0.24,0,0,0,0,0,0,0.16,25.16,0.21,0,0,0,0,0,0,0.49,0,0.49,0,1.98,0,0,0.08,0,0.01,0.18,0.03,0.55,0.03,0.01,0.42,0,0.02,0.69,0.69,0,0,0.69,0.69,0,0.01,0.7,0,0.08,0,29.98,4.82
I3SA,10 years old,0,HIDED,HIDED,6.432555257,0.421,16.57,15.28,3882.05,29,76,27.33333333,56.33333333,5.8,91.16,307,6,31,400,213064.7149,16.30645161,165.4122369,24.1,19,12,221,1947,0.371447002,0.308591703,0.15151393,0.097246301,0.00544289,0.011288957,0.036084345,0.0045559,0.013828972,0,0,0,0,0.345072236,0.282076956,0.154026606,0.066428265,0.037162066,0.019281934,0.013073952,0.010899728,0.005664426,0.015620083,0.005349735,0.012072665,0.003318552,0.001745101,0.004548705,0.005378344,0.004748963,0.002345873,0.001973967,8.58E-05,0.002631955,0.002002575,0.002546131,0.001144328,0.000143041,0,0.000114433,0,0.000200257,8.58E-05,0.000114433,0,0,8.58E-05,0,5.72E-05,0,0,0,0,0,0,0,0,0,0,0,0,0,0,0,8.6,38.12,29.71,0.12,6.33,20.53,3.87,0.08,0,11.68,1.85,8.13,6.74,0.14,3.73,4,1.08,0.14,0,0.54,0.19,0,0.17,0,0,0,0,0.01,0.01,0.01,0,0.01,0.53,0,0.53,0,0,0,0,0,10.77,0,0.01,0.01,0.01,0.63,0.1,0,0.01,0.01,0.01,0,0,0.01,22.41,0.04,0,0,0.01,0,0,0,0.26,0,0.26,0,1.4,0,0,0,0,0,0.25,0.07,0.29,0.07,0,0.36,0,0.05,0.01,0.01,0,0,0.01,0.01,0,0,0.01,0,0.28,0,27.8,5.39
I3SB,10 years old,0,HIDED,HIDED,5.480894319,0.305,7.62,17.97,7192.77,30.8,77.1,28,68.33333333,5.666666667,91.16,307,6,31,400,213064.7149,16.30645161,165.4122369,24.1,19,12,260,1822,0.439180744,0.481191791,0.028706205,0.019473451,0.003427005,0.010321332,0.013304842,0.001491755,0.002419062,0.000483812,0,0,0,0.274545142,0.309875272,0.147671358,0.068629134,0.069659,0.03653164,0.021541366,0.006551093,0.005807301,0.007523744,0.010184232,0.00866804,0.007695388,0.000600755,0.005807301,0.00263188,0.001258725,0.00208834,0.001401762,0.001001259,0.001544799,0.004691612,0.000686577,0.000572148,0.001144296,0.000143037,0.000429111,0.000629363,0.000228859,0.000228859,0,0,0,0,0,0,0,0,2.86E-05,0,0,0,0,0,0,0,0,0,0,0,0,22.61,49.13,34.54,1.76,4.09,22.8,7.45,2.29,1.69,27.79,10.22,11.85,7.7,0.9,1.42,3.83,1.95,4.52,0,0.34,0,0,0,0,0.93,0,0,0,0,0,0,0,1.02,0,1.02,0,0,0,0,0,13.73,0,0,0,0,1.14,0.13,0,0,0,0,0,0,0.06,27.2,0.16,0,0,0,0,0,0,0.39,0,0.39,0,1.86,0,0.03,0.09,0,0.03,0.19,0.01,0.83,0.01,0,0.37,0,0.45,0,0,0,0,0,0,0,0,0,0,0.16,0,33.24,6.04
I3SC,10 years old,0,HIDED,HIDED,5.573435418,0.297,9.54,18.77,5842.18,30.6,74,27.33333333,63.33333333,6.266666667,91.16,319,6,31,400,213064.7149,16.30645161,165.4122369,24.1,19,12,119,1704,0.420795871,0.470306011,0.031850986,0.038019594,0.003588276,0.013667701,0.010563238,0.00685401,0.004354312,0,0,0,0,0.272311082,0.276088014,0.134424447,0.089473232,0.080774843,0.04014421,0.026724656,0.01081576,0.011960285,0.005379267,0.011016052,0.006638244,0.009242038,0.001917079,0.003261896,0.001945692,0.000972846,0.00357664,0.001716787,0.001173138,0.001058686,0.003776932,0.001774014,8.58E-05,0.000257518,0.000257518,0.00045781,0.002145984,0.000629489,0,0,0,0,0,0,0,0,0,0,0,0,0,0,0,0,0,0,0,0,0,0,17.23,32,53.69,0.24,1.5,42.08,5.97,0.24,0.24,8.17,3.34,7.01,14.49,2.43,1.06,3.79,1.35,3.99,0,0.36,0,0,0,0,0,0,0,0,0,0,0,0,1.1,0,1.1,0,0,0,0,0,9.6,0.05,0,0,0,1.9,0.17,0,0,0,0,0,0,0.26,25.99,0.21,0,0.04,0,0,0,0,0.35,0,0.35,0,2.79,0,0.04,0.09,0.03,0.04,0.08,0.05,2.21,0.05,0,0.36,0,1.38,0.01,0.01,0.01,0.01,0.01,0.02,0,0.01,0.02,0,0.15,0,31.13,5.13
I3SD,10 years old,0,HIDED,HIDED,6.163962979,0.341,9.39,18.08,6564.39,29.7,74.4,27.33333333,57.66666667,6.333333333,91.16,319,6,31,400,213064.7149,16.30645161,165.4122369,24.1,19,12,129,2213,0.581340967,0.302100552,0.063218159,0.021690924,0.00895053,0.004959078,0.001693344,0.013909608,0.002136838,0,0,0,0,0.223474877,0.306169166,0.120865286,0.100234634,0.081664187,0.044666361,0.035137919,0.011588646,0.017340048,0.005093281,0.012904887,0.002661096,0.009070619,0.001316241,0.003805654,0.001659609,0.001373469,0.002403571,0.003691198,0.003347831,0.00080119,0.003233375,0.001230399,0.001001488,0.001173172,0.001430697,0.000457823,0.000600893,0.000629507,0.000486437,8.58E-05,0,0,0.00014307,0,0.000200298,0,0,0,0,5.72E-05,0,0,0,0,0,0,0,0,0,0,28.88,39.09,27.08,0,4.61,14.95,8.03,0.25,0,16.3,6.92,12.22,17.09,0,0.17,3.13,1.43,4.64,0,0.9,0,0,0.21,0,0.49,0,0,0,0,0.01,0,0.01,1.29,0,1.29,0,0,0,0,0.02,13.79,0.02,0,0,0.02,1.75,0.12,0,0,0,0.03,0,0,0.28,29.94,0.26,0,0.01,0,0,0,0,0.54,0,0.54,0,2.44,0,0.02,0.21,0.01,0.02,0.19,0.04,1.21,0.04,0,0.34,0,0.18,0.02,0.02,0,0,0.02,0.02,0,0.01,0.03,0.02,0.14,0,34.75,4.8
I4NA,10 years old,1,HIDED,HIDED,6.842570485,0.474,21.2,14.44,3227.63,30.2,70.9,27.33333333,49,6,91.16,294,5,23,900,291829.3528,23.28695652,237.4778307,22.9,6,17,210,2104,0.438696932,0.389710922,0.094948192,0.018022013,0.00649115,0.015401363,0.033665282,0.003064145,0,0,0,0,0,0.279751688,0.248197734,0.183487813,0.058330473,0.092115803,0.044884998,0.012644467,0.006293626,0.003060991,0.006322234,0.010270054,0.020025175,0.006551093,0.005320975,0.004405538,0.001745051,0.003976428,0.002202769,0.003032384,0.000228859,0.002717702,0.00143037,0.001001259,0.000629363,0,0.00011443,0.000286074,0.000715185,0.000143037,0.00011443,0,0,0,0,0,0,0,0,0,0,0,0,0,0,0,0,0,0,0,0,0,10.08,22.61,34.92,0.27,0.66,27.48,2.72,0.99,0.27,3.82,2.5,6.08,6.78,0.33,3.37,4.72,0.33,0.43,0,0.65,0.16,0,0.17,0,0.19,0,0.01,0,0.01,0,0,0,1.03,0,1.03,0,0,0,0,0.01,9.66,0.02,0.01,0.01,0.01,2.05,0.02,0,0.01,0.01,0.05,0,0,0.07,23.11,0.01,0,0.04,0.01,0,0,0,0.19,0,0.19,0,2.22,0,0.2,0.25,0,0.21,0.2,0.05,0.34,0.05,0,0.22,0,0.07,0.42,0.42,0,0,0.42,0.42,0,0,0.42,0,0.36,0,26,2.9
I4NB,10 years old,1,HIDED,HIDED,6.736922626,0.48,11.83,14.04,5694.78,29.7,71.9,27.33333333,43,6.4,91.16,294,5,23,900,291829.3528,23.28695652,237.4778307,22.9,6,17,283,1285,0.396726202,0.301495787,0.112567028,0.141716728,0.003265734,0.016368988,0.018505826,0.005160666,0.003830182,0,0.000362859,0,0,0.352663501,0.356354065,0.101562053,0.049722492,0.038393317,0.01061395,0.008325227,0.011415003,0.002231504,0.007209475,0.007753047,0.028408766,0.001401842,0.00383361,0.004863535,0.003032557,0.00148767,0.003175602,0.002775076,0,0.002002632,0,0.001115752,0.000658008,0.000143045,0,0,0.000400526,0.00028609,0,0,0,0,0,0,0,0.000171654,0,0,0,0,0,0,0,0,0,0,0,0,0,0,18.34,25.78,27.04,0,0.41,14.89,5.81,0.44,0,5.09,8.89,10.99,5.71,0.07,1.85,2.24,0.15,3.61,0,0.33,0,0,0.04,0,0.01,0,0,0,0,0,0,0,0.78,0,0.78,0,0,0,0,0,13.8,0.02,0,0,0,0.99,0.09,0,0,0,0,0,0,0.09,27.22,0.12,0,0,0,0,0,0,0.31,0,0.31,0,2.85,0,0,0,0,0,1.84,0.03,0.27,0.03,0.01,0.96,0,0,0.03,0.03,0,0,0.03,0.03,0,0,0.03,0,0.07,0,29.2,1.99
I4NC,10 years old,1,HIDED,HIDED,6.314963573,0.391,10.91,16.15,5788.23,29.3,75.5,27,68.66666667,5.866666667,91.16,307,5,23,900,291829.3528,23.28695652,237.4778307,22.9,6,17,171,1187,0.389993146,0.415433617,0.063339112,0.085957344,0.001169213,0.023827763,0.015723904,0.001088578,0.003467323,0,0,0,0,0.288820231,0.280152191,0.132681085,0.073807072,0.081273601,0.036159744,0.022142122,0.008296144,0.004691612,0.009011329,0.007952855,0.015533814,0.00669413,0.002431628,0.004748827,0.00406225,0.001373155,0.003776176,0.00263188,0.001344547,0.002259984,0.003490102,0.002059732,0.000286074,0.000972651,0,0.000371896,0.00197391,0.000743792,0.000228859,2.86E-05,0,0,0,0,0,0,0,0,0,0,0,0,0,0,0,0,0,0,0,0,19.13,42.88,29.45,0.2,1.52,17.47,7.72,0.02,0,14.93,4.67,11.49,11.17,1.3,1.79,3.39,1.22,2.07,0,0.12,0.31,0,1.17,0,0,0,0,0,0,0,0,0,0.8,0,0.8,0,0,0,0,0,11.06,0,0,0,0,1.64,0.12,0,0,0,0,0,0,0.11,23.49,0.11,0,0,0,0,0,0,0.32,0,0.32,0,3.72,0,0,0.05,0,0,0.06,0,0.44,0,0,0.4,0,0.05,0.05,0.05,0,0,0.05,0.05,0,0,0.05,0,0.15,0,28.12,4.63
I4ND,10 years old,1,HIDED,HIDED,7.146634095,0.477,14.13,14.98,5057.77,29.3,76.3,27,31,6.466666667,91.16,294,5,23,900,291829.3528,23.28695652,237.4778307,22.9,6,17,201,2155,0.244970366,0.440712817,0.101237753,0.1639721,0.005563843,0.02334395,0.01386929,0,0.006289562,0,0,4.03E-05,0,0.284112043,0.290921576,0.128580012,0.061915253,0.102457727,0.034133501,0.012045435,0.010185689,0.002346142,0.018568854,0.005235902,0.014305742,0.002060027,0.00500701,0.004863952,0.00675231,0.004177277,0.001630855,0.001173071,0.002231696,0.00211725,0.001630855,0.001001402,0.000400561,0.000829733,0.000228892,0.000257503,0.000457784,2.86E-05,8.58E-05,0.000114446,0,0,0,0,0.000143057,0,0,0,0,0,0,0,0,0,0,0,0,0,0,0,12.89,41.96,25.05,1.73,3.39,17.76,5.62,2.11,1.65,10.34,2.51,5.73,5.87,0,1.46,4.51,1.01,1.2,0,0.56,0,0,0.11,0,0.19,0,0,0,0,0.01,0,0.01,0.52,0,0.52,0,0,0,0,0,10.13,0.02,0,0,0,2.19,0.04,0,0,0,0,0,0,0.14,25.24,0.11,0,0.03,0,0,0,0,0.36,0,0.36,0,2.74,0,0.02,0.07,0,0.02,0.38,0.07,0.56,0.07,0.01,0.43,0,0.12,0.33,0.33,0,0,0.33,0.33,0,0,0.33,0.02,0.26,0,29.83,4.59
O1SA,24_R,0,HIDED,HIDED,7.278835664,0.519,21.26,14.02,3423.72,28.6,89,27.33333333,55,6.166666667,92.2,352,8,21,2300,489020.4873,25.2,342.7704062,17.8,8,13,122,1824,0.303108495,0.563077047,0.081764303,0.038704995,0,0.00245938,0.001773979,0.00701528,0.001733661,0,0,0.000362859,0,0.279745894,0.289847193,0.13829909,0.0955188,0.060550564,0.023693699,0.018972128,0.009729297,0.004435415,0.020345676,0.017684427,0.006438505,0.008069593,0.001831397,0.005122189,0.00246094,0.001116008,0.001001545,0.001888628,0.00148801,0.000915699,0.004092028,0.000572312,0.000801236,0.002317862,0.000171693,8.58E-05,0.002661249,0,8.58E-05,2.86E-05,0,0,0,0,0,2.86E-05,0,0,0,0,0,0,0,0,0,0,0,0,0,0,22.91,52.86,37.64,1.05,5.02,23.66,14.22,1.05,1.05,11.16,4.85,5.74,8.25,1.71,0.18,0.63,0.59,0.45,0,0,0,0.31,0.33,0,0,0.69,0,0,0,0,0,0,1.77,0,1.77,0,0.01,0.01,0.01,0,10.12,0.02,0,0,0.01,1.33,0.06,0,0,0,0.01,0,0,0.04,25.37,0.1,0,0,0,0,0,0,0.21,0,0.21,0,2.06,0,0,0.01,0,0,0.33,0.05,0.52,0.05,0,0.23,0,0.23,0,0,0,0,0,0,0,0,0,0,0.18,0,31.39,6.01
O1SB,24_R,0,HIDED,HIDED,7.305275978,0.329,21.38,22.2,3416.87,28.4,91,27,49.33333333,6.833333333,92.2,352,8,21,2300,489020.4873,25.2,342.7704062,17.8,8,13,280,1872,0.486110551,0.365238076,0.07865984,0.030923679,0.002499698,0.018223602,0.000564448,0.014998186,0.002781922,0,0,0,0,0.277315252,0.325751724,0.109060739,0.08820416,0.076817441,0.027751552,0.027808772,0.003175693,0.003089864,0.018310302,0.009097932,0.007810488,0.005235602,0.001115784,0.004033988,0.001087174,0.000514977,0.004205648,0.001430492,0.000257489,0.000715246,0.004634795,0.000171659,0.000114439,2.86E-05,0.000171659,8.58E-05,0.00188825,0.000114439,0,0,0,0,0,0,0,0,0,0,0,0,0,0,0,0,0,0,0,0,0,0,20.52,53.65,25.29,0.91,3.85,10.05,4.18,0.91,0.91,22.62,11.43,14.09,7.29,0.44,0.16,9.7,9.83,0.25,0,0.25,0,0.48,0,0,0.56,0,0,0,0,0,0,0,0.91,0,0.91,0,0,0,0,0,11.2,0,0,0,0,2.7,0.1,0,0,0,0.03,0,0,0,28.57,0.08,0,0,0,0,0,0,0.15,0,0.15,0,1.62,0,0,0.01,0,0,0.87,0.02,0.44,0.02,0,0.05,0,0.23,0.01,0.01,0,0,0.01,0.01,0,0,0.01,0,0.24,0,33.96,5.39
O1SC,24_R,0,HIDED,HIDED,6.282352445,0.391,10.93,16.07,5747.81,28.3,79,26.33333333,64.33333333,5.266666667,92.2,352,8,21,2300,489020.4873,25.2,342.7704062,17.8,8,13,243,1826,0.453493529,0.405838003,0.097125348,0.02281982,0.00157239,0.003668911,0.008103858,0.002620651,0.004757489,0,0,0,0,0.240141933,0.313626738,0.126366394,0.060035483,0.084330109,0.051393579,0.021633377,0.007497282,0.031505752,0.010759457,0.011045613,0.008956676,0.004921879,0.00200309,0.005351113,0.001058776,0.001173239,0.001774166,0.001087392,0.000915699,0.002088937,0.004635724,0.000744005,0.000915699,0.002088937,0.000801236,0.000114462,0.001631088,0.000686774,0.000486465,0,0,8.58E-05,0,0,0,0.000143078,0,0,0,0,0,0,0,0,0,0,0,0,0,0,23.59,49.68,31.78,0.71,7.44,16.02,8.25,2.11,0.71,23.77,2.39,12.54,14.39,3.61,0.81,2.28,0.67,1.82,0,0.16,0.43,0,0.14,0,0,0,0,0,0,0,0,0,1.1,0,1.1,0,0,0,0,0,11.85,0.02,0,0,0,2.31,0.21,0,0,0,0.03,0,0,0.21,30.11,0.72,0,0,0,0,0,0,0.91,0,0.91,0,2.58,0,0,0.05,0,0,0.21,0.03,1.57,0.03,0,0.4,0,0.17,0.05,0.05,0.01,0.01,0.05,0.06,0,0.01,0.06,0,0.25,0,34.02,3.91
O1SD,24_R,0,HIDED,HIDED,5.507334633,0.05,9.09,110.15,6058.67,27.7,78.3,25,64.66666667,6.133333333,92.2,349,8,21,2300,489020.4873,25.2,342.7704062,17.8,8,13,174,1445,0.464419627,0.24472846,0.108011128,0.027980486,0.011087368,0.097125348,0.00931339,0.002660968,0.024835705,0.00983752,0,0,0,0.264498769,0.30494647,0.110064693,0.067784966,0.090857045,0.064006412,0.01471346,0.001173642,0.019551154,0.008329994,0.00910288,0.015743974,0.003148795,0.002261407,0.005209824,0.001001889,0.000257629,0.000715635,0.001087766,0.000200378,0.003921681,0.004952196,0.000429381,0.000314879,0.000629759,0.000658384,0,0.004122059,0.000171752,0.000143127,0,0,0,0,0,0,0,0,0,0,0,0,0,0,0,0,0,0,0,0,0,18.74,47.67,25.29,0.7,10.19,12.64,8.65,0.7,0.7,17.49,6.7,7.7,5.3,0.91,0.93,3.51,2.39,2.21,0,1.11,0,0,0.1,0,0,0,0.01,0,0.01,0,0,0,0.91,0,0.91,0,0,0,0,0,11.51,0.01,0,0,0,2.22,0.09,0,0.05,0.05,0.01,0,0,0.17,29.24,0.21,0,0,0,0,0,0,0.53,0,0.53,0,2.61,0,0,0,0,0.01,0.41,0,0.84,0,0,0.88,0,0.07,0.03,0.03,0,0,0.03,0.03,0,0.04,0.06,0,0.14,0,33.59,4.35
O2NA,24_R,1,HIDED,HIDED,6.190271749,0.38,5.47,16.29,11316.77,29.8,83.2,26,74,5.466666667,92.2,363,10,47,1100,217059.5715,11.97083333,110.0544024,16.4,40,7,534,3064,0.599766157,0.191992904,0.128815063,0.050800306,0.022376325,0.001773979,0.002540015,0.001854614,8.06E-05,0,0,0,0,0.185468178,0.313759158,0.156078297,0.083218864,0.033367674,0.022235577,0.04389881,0.071485806,0.016826923,0.01614011,0.006953984,0.000372024,0.006209936,0.001430861,0.006124084,0.001602564,0.004492903,0.0043212,0.005952381,0.004807692,0.001516712,0.000228938,0.001430861,0.001058837,0.002833104,0.002232143,0.001087454,2.86E-05,0,0.00071543,0.001087454,0,0.000343407,0.000887134,0.000744048,0.000286172,0.000171703,0.000228938,0.000286172,0,0,0,0,5.72E-05,0,2.86E-05,0,0,0,0,0,13.85,47.52,13.3,0.48,2.15,4.77,6.48,0.11,0.04,8.81,8.3,5.43,5.11,3.56,0.86,7.95,1.01,0.72,0.07,2.24,0.33,0,0.21,0.1,0,0,0.01,0,0.01,0.07,0,0.07,0.7,0,0.7,0,0.17,0.17,0.17,0,5.29,0.05,0.17,0.35,0.35,0.18,0.02,0,0,0,0.01,0,0,1.61,23.13,0.03,0,0,0,0.04,0.16,0.16,0.3,0.18,0.31,0.18,1.68,0.1,0.05,0.63,0.04,0.16,0,0.6,1.52,0.62,0.16,0.28,0,0.05,0.08,0.08,0,0,0.08,0.08,0,0,0.08,0.02,0.18,0.01,33.26,10.13
O2NB,24_R,1,HIDED,HIDED,6.617827817,0.501,5.92,13.21,11178.76,29.1,83.4,25.66666667,74.66666667,6.233333333,92.2,363,10,47,1100,217059.5715,11.97083333,110.0544024,16.4,40,7,198,NA,0.507962746,0.442083619,0.019271862,0.002781922,0.022255372,0.000725719,0.002701286,0.002217474,0,0,0,0,0,NA,NA,NA,NA,NA,NA,NA,NA,NA,NA,NA,NA,NA,NA,NA,NA,NA,NA,NA,NA,NA,NA,NA,NA,NA,NA,NA,NA,NA,NA,NA,NA,NA,NA,NA,NA,NA,NA,NA,NA,NA,NA,NA,NA,NA,NA,NA,NA,NA,NA,NA,22.2,52.85,25.72,11.79,12.23,16.74,20.48,11.79,11.79,15.92,3.87,1.65,1.6,0.1,0.27,5.32,0,0.41,4.6,2.23,0.22,0,0,0,0,0.02,NA,NA,NA,NA,NA,NA,NA,NA,NA,NA,NA,NA,NA,NA,NA,NA,NA,NA,NA,NA,NA,NA,NA,NA,NA,NA,NA,NA,NA,NA,NA,NA,NA,NA,NA,NA,NA,NA,NA,NA,NA,NA,NA,NA,NA,NA,NA,NA,NA,NA,NA,NA,NA,NA,NA,NA,NA,NA,NA,NA,NA,NA,NA,NA,NA,NA,NA,NA
O2NC,24_R,1,HIDED,HIDED,6.81942152,0.501,10.17,13.61,6705.43,28.9,83,26.33333333,70.33333333,5.633333333,92.2,360,10,47,1100,217059.5715,11.97083333,110.0544024,16.4,40,7,479,2040,0.548441721,0.393702375,0.03511672,0.000322542,0.014070879,0.003225416,0.004152723,0.000725719,0.000241906,0,0,0,0,0.209550514,0.257789477,0.239306458,0.097221825,0.04875397,0.017395783,0.039026065,0.032903207,0.001888358,0.009613459,0.008497611,0.000343338,0.012417384,0.002060027,0.002603645,0.001173071,0.004177277,0.001630855,0.003576436,0.00097279,0.000257503,0.000743899,0.000915568,0.00097279,0.003490601,0.001030013,0.000600841,0,0,0.000257503,0.000429172,0,0.000314726,2.86E-05,5.72E-05,0,0,0,0,0,0,0,0,0,0,0,0,0,0,0,0,32.58,60.98,17.33,1.4,3.02,8.45,29.28,2.29,1.27,10.32,22.96,4.52,3.41,0.41,1.85,6.53,0.94,0.45,0.72,1.41,0,0,1.74,0,0.07,0.02,0.04,0.03,0.07,0,0,0,0.85,0,0.85,0.01,0,0,0,0.01,7.37,0.04,0,0,0.01,0.2,0.04,0,0,0,0.03,0,0,0.35,20.9,0.03,0,0,0,0,0,0,0.13,0,0.13,0,0.94,0.05,0,0.06,0,0.04,0,0.11,1.07,0.11,0,0.23,0,0.16,0.06,0.06,0,0,0.06,0.06,0,0,0.06,0,0.13,0,27.13,6.23
O2ND,24_R,1,HIDED,HIDED,5.631173048,0.341,8.06,16.51,6986.57,28.6,82.1,26.33333333,72.66666667,5.333333333,92.2,360,10,47,1100,217059.5715,11.97083333,110.0544024,16.4,40,7,233,1814,0.580292707,0.252590412,0.120066121,0.014715962,0.013062936,0.004999395,0.008345765,0.002902875,0.003023828,0,0,0,0,0.299144566,0.289789145,0.133693817,0.08059394,0.063656911,0.052870998,0.011815867,0.005893629,0.00191686,0.006437216,0.008296856,0.009956227,0.006523045,0.003547621,0.003519011,0.002632106,0.001745201,0.003089864,0.00185964,0.001659371,0.002145739,0.001173004,0.00183103,0.001144394,0.001344663,0.000572197,0.000286098,0.002145739,8.58E-05,0.000114439,0,0,8.58E-05,0,0,8.58E-05,0.000343318,0,0,0,0,0,0,0,0,0,0,0,0,0,0,18.36,50.68,13.98,0,10.93,0.77,11.61,0,0,12.7,11.39,9.21,9.54,4.74,0.9,3.41,0.69,0.53,0.4,1.31,0.19,0.17,0.16,0,0,0,0.04,0,0.04,0,0,0,0.83,0,0.83,0,0,0,0,0,11.03,0.04,0,0,0,1.94,0.13,0,0,0,0,0,0,0.12,24.93,0,0,0.05,0,0,0,0,0.29,0,0.29,0,1.78,0,0,0,0,0.04,0.15,0.05,0.78,0.05,0,0.41,0,0.05,0.17,0.18,0,0,0.18,0.18,0,0,0.18,0,0.09,0,29.21,4.28
O3SA,24_R,0,HIDED,HIDED,6.230157101,0.383,11.26,16.27,5533,28.8,72.7,27.33333333,39,6.266666667,92.2,270,13,43,2300,168572.4239,10.31395349,157.0468503,13.33333333,20,23,96,1355,0.282465831,0.674273273,0.024271258,0.012175946,0,0.006249244,0,0,0.000564448,0,0,0,0,0.204457032,0.294112599,0.125786703,0.071890376,0.118205744,0.079185261,0.015934317,0.004920471,0.033270397,0.007752603,0.007981462,0.005235153,0.006665522,0.001659229,0.003461494,0.002717702,0.000400503,0.001687836,0.002145554,0.000715185,0.004977686,0.003518709,0.000801007,8.58E-05,0.000629363,0,0.000572148,0.001001259,0.000200252,0,2.86E-05,0,0,0,0,0,0,0,0,0,0,0,0,0,0,0,0,0,0,0,0,13.29,75.87,19.3,3.95,6.79,13.37,8.58,3.95,3.95,15.2,3.04,3.86,2.44,0,0,2.49,3.2,0.43,0,0,0,0,1.38,0,0,0.26,0,0,0,0,0,0,0.8,0,0.8,0,0,0,0,0,12.77,0.04,0,0,0,3.4,0.18,0,0,0,0,0,0,0.12,30.78,0.65,0,0.02,0,0,0,0,0.96,0,0.96,0,3.37,0,0,0.05,0,0,0.07,0,1.1,0,0,1.03,0,0.24,0.06,0.06,0,0,0.06,0.06,0,0.03,0.09,0,0.21,0,35.2,4.43
O3SB,24_R,0,HIDED,HIDED,5.928751579,0.365,14.72,16.24,4027.68,29,72.3,26.66666667,45,6.266666667,92.2,270,13,43,2300,168572.4239,10.31395349,157.0468503,13.33333333,20,23,38,903,0.415675523,0.189735113,0.383542313,0,0,0,0,0,0.011047051,0,0,0,0,0.278121066,0.267050006,0.16037304,0.065825609,0.087452798,0.043540451,0.012043712,0.001172903,0.010727772,0.007781211,0.013359652,0.02577526,0.001544799,0.006121982,0.006322234,0.00143037,0.000314681,0.000743792,0.000200252,0,0.002860739,0.002975169,0.000314681,0,8.58E-05,0,0,0.003861998,0,0,0,0,0,0,0,0,0,0,0,0,0,0,0,0,0,0,0,0,0,0,0,24.92,18.27,27.39,0.81,2.43,12.15,11.01,0.81,0.81,7.43,5.63,8.68,4.56,0,0,2.72,2.44,0,0,0,0,6.56,0,0,0,0,0,0,0,0,0,0,1.34,0,1.34,0,0,0,0,0,11.38,0,0,0,0,1.97,0.06,0,0,0,0,0,0,0.11,27.27,0.17,0,0,0,0,0,0,0.31,0,0.31,0,3.54,0,0,0,0,0,0.77,0,0.55,0,0,0.57,0,0.29,0.55,0.55,0,0,0.55,0.55,0,0,0.55,0,0.13,0,32.1,4.83
O3SC,24_R,0,HIDED,HIDED,5.997954649,0.377,7.62,15.91,7871.33,28.2,74.9,26.33333333,73,5.366666667,92.2,270,13,43,2300,168572.4239,10.31395349,157.0468503,13.33333333,20,23,106,1323,0.44030964,0.406644358,0.087892594,0.009434343,0,0.04547837,0.007337822,0.002902875,0,0,0,0,0,0.249864095,0.325283969,0.120339904,0.05974078,0.082773025,0.057995479,0.014477411,0.002489199,0.018483019,0.007982604,0.009012618,0.014935195,0.005836743,0.002231696,0.006180081,0.001745301,0.000486395,0.004377557,0.001974192,0.000600841,0.003519213,0.004148665,0.001287517,0.000629453,0.001144459,0.000715287,0.000371949,0.001173071,0.000171669,0,0,0,0,0,0,0,0,0,0,0,0,0,0,0,0,0,0,0,0,2.86E-05,0,20.2,69.41,23.44,3.13,7.48,8.2,11.3,2.59,2.59,24.12,7.67,14,10.15,2.87,1.25,3.06,2.32,0.69,0,0,0.02,0,0,0,0,0,0,0,0,0,0,0,0.9,0,0.9,0,0,0,0,0,12.56,0.07,0,0,0,2.91,0.19,0,0,0,0,0,0,0.03,30.99,0.23,0,0,0,0,0,0,0.62,0,0.62,0,2.96,0,0.05,0.05,0,0.05,0.4,0.01,0.7,0.01,0,0.93,0,0.09,0.16,0.16,0,0,0.16,0.16,0,0,0.16,0.05,0.12,0,34.77,3.77
O3SD,24_R,0,HIDED,HIDED,5.922138723,0.391,7.39,15.15,8013.72,29.2,74,26.66666667,75.33333333,5.3,92.2,273,13,43,2300,168572.4239,10.31395349,157.0468503,13.33333333,20,23,317,1707,0.402290046,0.488892473,0.077974439,0.019473451,0.006249244,0.001814297,0.000282224,0.002580333,0.000443495,0,0,0,0,0.228143952,0.287332647,0.17047145,0.106934432,0.057415036,0.036760499,0.025689438,0.013102186,0.003919213,0.011643209,0.012072319,0.006322234,0.010069802,0.005149331,0.004548575,0.000829614,0.002002517,0.002546058,0.001573407,0.004462753,0.001001259,0.001687836,0.000600755,0.000429111,0.000801007,0.002774917,0.000514933,0.000801007,0,0.00011443,0.00011443,0,0.000171644,0,0,0,0,0,0,0,0,0,0,0,0,0,0,0,0,0,0,14.15,57.52,20.57,0.85,3.3,1.64,5.95,0.56,0.49,20.79,9.45,6.08,2.66,0.59,0.5,5.02,6.1,0.06,10.66,0.62,0.39,0,1,0,0.12,0,0.01,0,0.01,0,0,0,1.21,0,1.21,0.01,0,0,0,0,9.18,0.02,0,0,0.01,0.63,0.06,0,0,0,0,0,0,0.25,24.42,0.08,0,0,0,0,0,0,0.22,0,0.22,0,1.68,0,0,0.05,0,0.01,0.17,0.01,1.04,0.02,0,0.18,0,0.38,0.25,0.25,0,0,0.25,0.25,0,0,0.25,0,0.23,0,31.2,6.78
O4NA,24_R,1,HIDED,HIDED,6.748069687,0.463,9.66,14.57,6985.58,31.1,72.1,29,54.66666667,5.533333333,92.2,266,10,29,1000,217259.874,14.7862069,104.0469174,11.77142857,24,5,287,NA,0.41309519,0.403539894,0.145909769,0.019594404,0.008708624,0.004515583,0.002056203,0.002298109,0.000282224,0,0,0,0,NA,NA,NA,NA,NA,NA,NA,NA,NA,NA,NA,NA,NA,NA,NA,NA,NA,NA,NA,NA,NA,NA,NA,NA,NA,NA,NA,NA,NA,NA,NA,NA,NA,NA,NA,NA,NA,NA,NA,NA,NA,NA,NA,NA,NA,NA,NA,NA,NA,NA,NA,8.27,48.75,20.09,1.37,4.19,2.33,2.74,1.37,1.37,7.03,3.47,5,3.62,0.83,0.51,14.78,0.56,0.28,9.12,0.87,0,0,2.87,0,0.07,0,NA,NA,NA,NA,NA,NA,NA,NA,NA,NA,NA,NA,NA,NA,NA,NA,NA,NA,NA,NA,NA,NA,NA,NA,NA,NA,NA,NA,NA,NA,NA,NA,NA,NA,NA,NA,NA,NA,NA,NA,NA,NA,NA,NA,NA,NA,NA,NA,NA,NA,NA,NA,NA,NA,NA,NA,NA,NA,NA,NA,NA,NA,NA,NA,NA,NA,NA,NA
O4NB,24_R,1,HIDED,HIDED,6.331842158,0.427,9.49,14.83,6672.12,31.6,69.4,28.33333333,79.33333333,5.033333333,92.2,271,10,29,1000,217259.874,14.7862069,104.0469174,11.77142857,24,5,452,1475,0.651977583,0.174978833,0.078014756,0.014070879,0.009152119,0.022215055,0.02616619,0.020763617,0.002660968,0,0,0,0,0.086609442,0.45379113,0.039427754,0.03565093,0.191874106,0.084234621,0.02,0.004949928,0.036537911,0.007153076,0.006752504,0.00323319,0.002088698,0.001201717,0.003090129,0.001573677,0.000143062,0.001545064,0.003576538,0.000686695,0.012589413,0.001258941,8.58E-05,0.000200286,0.000543634,5.72E-05,0.000286123,0.00037196,0.000314735,0,5.72E-05,0,0,0,0,0.000114449,0,0,0,0,0,0,0,0,0,0,0,0,0,0,0,37.48,54.1,31.2,1.51,2.86,4.39,14.13,1.08,0.96,23.46,11.68,23.87,22.23,1.83,4.39,4.62,1.46,2.02,0,0.92,0.02,0.04,0,0,0.31,0,0.01,0,0.01,0,0,0,0.68,0,0.68,0,0,0,0,0,27.15,0.09,0,0,0,5.37,0.09,0,0,0,0.03,0,0,0.45,49.23,0.43,0,0,0,0,0,0,1.32,0,1.32,0,2.4,0,0.1,0.23,0.1,0.11,0.16,0.02,1.49,0.02,0,1.33,0,0.15,0.07,0.07,0.07,0.07,0.07,0.14,0,0.07,0.14,0,0.14,0,50.58,1.35
O4NC,24_R,1,HIDED,HIDED,6.446106579,0.454,12.38,14.2,5206.87,29.8,75.2,27.66666667,66.66666667,5.766666667,92.2,276,10,29,1000,217259.874,14.7862069,104.0469174,11.77142857,24,5,246,1903,0.551022054,0.33233883,0.092851671,0.00544289,0.00983752,0.006047656,0.000685401,0.001491755,0.000282224,0,0,0,0,0.255865187,0.3006981,0.145284962,0.064402609,0.062457084,0.027466239,0.015707256,0.013160906,0.002889677,0.011415656,0.009641794,0.018568322,0.002660792,0.038681621,0.007495995,0.002231632,0.002117189,0.001173037,0.002117189,8.58E-05,0.001344701,0.006609064,0.001888304,0.001745251,0.000772488,2.86E-05,8.58E-05,0.002460517,8.58E-05,0.000343328,0.000314717,0,0.000200275,0,0,0,0,0,0,0,0,0,0,0,0,0,0,0,0,0,0,27.99,35.15,11.55,0.84,2.06,4.59,13.75,13.54,0.8,16.9,1.62,4.04,13.06,0.1,0.74,2.27,0.79,0.35,0.1,0.98,1.08,0.1,0.3,0,0.06,0,0,0,0,0,0,0,0.96,0,0.96,0,0,0,0,0,8.48,0.22,0,0,0,1.27,0.06,0,0,0,0.02,0,0,0.09,25.67,0,0,0,0,0,0,0,0.21,0,0.21,0,3.02,0,0,0.05,0,0,0.6,0,0.59,0,0,0.79,0,0.2,3.54,3.54,0,0,3.54,3.54,0,0,3.54,0,0.12,0,29.22,3.55
O4ND,24_R,1,HIDED,HIDED,6.227888627,0.409,5.54,15.23,11241.68,29.1,73.8,27.33333333,80.33333333,5.3,92.2,276,10,29,1000,217259.874,14.7862069,104.0469174,11.77142857,24,5,191,2060,0.433052453,0.378260694,0.122686772,0.011611499,0.032092892,0.009595613,0.01245817,0,0.000241906,0,0,0,0,0.282358663,0.217898833,0.118018997,0.11169604,0.055018311,0.052786679,0.034046693,0.009784848,0.002317464,0.012703136,0.020027466,0.001802472,0.022430762,0.01888304,0.006265736,0.002975509,0.002660792,0.003633555,0.001602197,0.010271229,0.001516365,0.001888304,0.000972763,0.000801099,0.002346075,0.002374685,0.001373312,0.000514992,5.72E-05,0.000457771,0.000114443,0,0.000314717,0,8.58E-05,0,0,0,0,0,0,0,0,0,0,0,0,0,0,0,0,22.36,55.74,35.65,2.26,2.5,5.72,20.88,2.26,2.32,5.67,16.33,1.81,0.24,0.17,1.25,5.47,0.37,0.16,24.67,3.21,0,0,0.08,0,0,0,0,0,0,0,0,0,2,0,2,0,0,0,0,0,5.58,0.01,0.05,0.05,0.05,1.07,0.06,0,0.05,0.05,0,0,0,0.29,17.89,0,0,0.01,0.05,0,0,0,0.13,0,0.13,0,1.01,0.01,0,0,0,0,0.14,0.12,0.69,0.12,0.01,0.31,0,0.23,1.67,1.67,0,0,1.67,1.67,0,0,1.67,0,0.05,0,26.55,8.65
R1SA,24_R,0,HIDED,HIDED,6.570620988,0.412,13.58,15.95,4838.45,28,82.2,25.66666667,43,6.233333333,92.46,517,19,63,5200,303670.4589,13.08953846,191.4267477,19.43833333,63,2,NA,1952,,,,,,,,,,,,,,0.164406683,0.381021856,0.056757066,0.061534501,0.145296945,0.029351184,0.031553954,0.038534157,0.008582218,0.035473166,0.009297402,0,0.003518709,0.001258725,0.00120151,0.014446733,0.005893123,0.000972651,0.003861998,0.000629363,0.000600755,5.72E-05,0.000486326,0.001716444,0.001916695,0.000886829,0.000200252,0,0.000143037,0.000171644,0.00011443,0,0,5.72E-05,0,2.86E-05,0,0,0,0,0,0,0,0,0,0,0,0,0,2.86E-05,0,NA,NA,NA,NA,NA,NA,NA,NA,NA,NA,NA,NA,NA,NA,NA,NA,NA,NA,NA,NA,NA,NA,NA,NA,NA,NA,0,0,0,0,0,0,0.93,0,0.93,0,0,0,0,0,11.35,0,0,0,0,2.73,0.18,0,0,0,0.02,0,0,0.45,36.61,0.06,0,0,0,0,0,0,0.18,0,0.18,0,1.9,0,0,0.01,0,0,0.01,0.05,0.8,0.05,0.01,0.19,0,0.02,0.09,0.09,0,0,0.09,0.09,0,0.01,0.1,0,0.48,0,38.45,1.84
R1SB,24_R,0,HIDED,HIDED,6.633011734,0.415,13.71,15.98,4838.08,28,86.5,26,62.33333333,6,92.46,499,19,63,5200,303670.4589,13.08953846,191.4267477,19.43833333,63,2,NA,NA,NA,NA,NA,NA,NA,NA,NA,NA,NA,NA,NA,NA,NA,NA,NA,NA,NA,NA,NA,NA,NA,NA,NA,NA,NA,NA,NA,NA,NA,NA,NA,NA,NA,NA,NA,NA,NA,NA,NA,NA,NA,NA,NA,NA,NA,NA,NA,NA,NA,NA,NA,NA,NA,NA,NA,NA,NA,NA,NA,NA,NA,NA,NA,NA,NA,NA,NA,NA,NA,NA,NA,NA,NA,NA,NA,NA,NA,NA,NA,NA,NA,NA,NA,NA,NA,NA,NA,NA,NA,NA,NA,NA,NA,NA,NA,NA,NA,NA,NA,NA,NA,NA,NA,NA,NA,NA,NA,NA,NA,NA,NA,NA,NA,NA,NA,NA,NA,NA,NA,NA,NA,NA,NA,NA,NA,NA,NA,NA,NA,NA,NA,NA,NA,NA,NA,NA,NA,NA,NA,NA,NA,NA,NA,NA,NA,NA,NA,NA,NA,NA,NA,NA,NA,NA,NA,NA,NA,NA
R1SC,24_R,0,HIDED,HIDED,5.59149591,0.311,9.64,17.98,5800.31,29,82.9,26,54,5.966666667,92.46,499,19,63,5200,303670.4589,13.08953846,191.4267477,19.43833333,63,2,223,1990,0.171793735,0.787686973,0.022779502,0.011853405,0,0.000120953,0.005523525,0.000241906,0,0,0,0,0,0.324665294,0.281668383,0.142865316,0.086365717,0.043740703,0.030867376,0.019596064,0.005177938,0.002803524,0.008381966,0.012816112,0.004949079,0.010498913,0.001344547,0.00526376,0.001087081,0.001630621,0.001945303,0.000829614,0.005063508,0.001230118,0,0.00131594,0.000343289,0.003175421,0.000743792,0.000686577,0.000429111,0.000257467,0.000171644,8.58E-05,0,0,0,0,0,0,0,0,0,0,0,0,0,0,0,0,0,0,0,0,11.14,17.4,83.4,0.02,1.29,76.04,8.39,0.08,0,7.56,2.95,6.21,6.42,0.05,0.6,1.52,0.17,0.29,0.05,0,0,0.42,0,0,0.03,0,0,0,0,0,0,0,1.28,0,1.28,0,0,0,0,0,10.44,0.01,0,0,0,1.04,0.11,0,0,0,0,0,0,0.07,23.38,0.07,0,0,0,0,0,0,0.24,0,0.24,0,1.92,0,0,0.01,0,0,0.07,0.01,0.31,0.01,0,0.26,0,0.05,0,0,0,0,0,0,0,0,0,0,0.13,0,29.45,6.08
R1SD,24_R,0,HIDED,HIDED,5.631173048,0.285,10.53,19.76,5347.74,29,83.9,26,55.33333333,5.833333333,92.46,499,19,63,5200,303670.4589,13.08953846,191.4267477,19.43833333,63,2,533,2327,0.603354433,0.341007136,0.02669032,0.007942588,0.006047656,0.003749546,0.004072088,0.00701528,0.000120953,0,0,0,0,0.208011445,0.352131617,0.145951359,0.108755365,0.074248927,0.028612303,0.018283262,0.013104435,0.006752504,0.005550787,0.011416309,0.001745351,0.004577969,0.002346209,0.00509299,0.000143062,0.002775393,0.002060086,0.00248927,0.001201717,0.000314735,0,0.000314735,0.000171674,0.001573677,0.001258941,0.000200286,0.000143062,0,0.000228898,5.72E-05,0,8.58E-05,0,0,0,8.58E-05,0.000228898,0,0,0,0,0,8.58E-05,0,0,0,0,0,0,0,41.56,61.98,22.92,8.87,9.68,16.15,37.7,8.79,8.77,13.45,25.87,4.14,5.26,1.03,0.64,1.17,0.82,0.18,0.42,0.6,0.35,0.06,0.87,0,0.17,0,0.04,0,0.04,0,0,0,1.14,0,1.14,0,0,0,0,0.03,11.64,0.03,0,0,0,1.78,0.09,0,0,0,0.01,0,0,0.23,34.11,0.11,0,0.06,0,0,0,0,0.4,0,0.4,0,3.45,0,0,0.16,0,0.04,0.12,0.06,1.19,0.06,0,0.24,0,0.09,0.13,0.13,0.01,0.01,0.13,0.13,0,0,0.13,0,0.23,0,37.59,3.48
R2NA,24_R,1,HIDED,HIDED,7.775339354,0.623,37.92,12.48,2050.46,26.9,91.6,26.66666667,32.66666667,6.7,92.46,457,16,41,2800,93121.8105,9.848780488,31.09435243,7.35,38,3,460,2943,0.575252994,0.159779059,0.152521872,0.025077612,0.071684877,0,0.013748337,0.001451437,0.000403177,0,0,0,8.06E-05,0.198327702,0.306740736,0.103487773,0.110073879,0.038514404,0.025685814,0.03991753,0.077229254,0.001231316,0.025342191,0.005812955,0,0.009965065,0.002319455,0.003321688,0.001345856,0.005669778,0.005870225,0.006729282,0.003407594,0.000744516,0.006471565,0.002233549,0.000887693,0.004925262,0.003923028,0.002004467,0,0.000400893,0.001374492,0.000801787,0,0.000286352,0.00174675,0.000372258,0.000744516,8.59E-05,0.000629975,0.000744516,0.000229082,0,0.000257717,0,0,0.000143176,0,0,0,0,0,0,16.56,50.09,21.09,0.58,1.59,1.81,9.2,0.53,0.53,3.65,8.66,6.58,6.27,1.16,2.13,1.76,0.29,0.48,1.58,7.17,0.75,0,0.65,0,0.48,0,0,0,0,0.03,0,0.03,0.58,0,0.58,0.01,0.01,0.01,0.01,0,5.86,0,0,0.02,0.03,0.05,0.01,0,0,0,0.02,0,0,0.58,20.2,0,0,0,0,0,0.02,0.02,0.06,0.02,0.06,0.02,0.26,0,0,0.02,0,0,0,0.19,1.28,0.2,0.02,0.23,0,0.03,0.01,0.01,0,0,0.01,0.01,0,0,0.01,0,0.02,0,29.81,9.61
R2NB,24_R,1,HIDED,HIDED,6.751138987,0.469,11.51,14.39,5865.46,27.4,87.7,26,59,5.266666667,92.46,472,16,41,2800,93121.8105,9.848780488,31.09435243,7.35,38,3,519,3036,0.563883401,0.277587389,0.12885538,0.008829577,0.017094706,0.001249849,0.001249849,0.000564448,0.000685401,0,0,0,0,0.217056483,0.322435659,0.123930033,0.100283416,0.031891443,0.022043457,0.041939824,0.061693052,0.001402765,0.017663394,0.00644127,0.000143139,0.009847986,0.003320832,0.004580459,0.000372162,0.007128339,0.00334946,0.004065157,0.004838109,0.00120237,0.000744325,0.001574533,0.000887464,0.003063182,0.002290229,0.001402765,0,0.000171767,0.000715697,0.001030603,0,0.000629813,0.001116487,0,0.000257651,5.73E-05,0.000114511,0.000314907,0,0,0,0,0,0,0,0,0,0,0,0,24.53,53.01,8.07,8.24,1.41,1.77,12.94,2.04,1.04,11.06,12.2,1.16,3.03,0.45,7.79,2.82,0.06,0,3.02,1.71,0.04,0,0.27,0,0,0,0,0,0,0.05,0,0.05,0.64,0,0.64,0,0,0,0,0,5.91,0.01,0,0,0,0.12,0.04,0,0.04,0.04,0.04,0,0.04,0.63,22.36,0.03,0,0.01,0.01,0,0,0,0.13,0,0.13,0,0.4,0,0.04,0.18,0,0.04,0.01,0.13,1.35,0.13,0,0.35,0,0.15,0.18,0.18,0,0,0.18,0.18,0,0,0.18,0.04,0.09,0,31.38,9.03
R2NC,24_R,1,HIDED,HIDED,6.989653463,0.513,14.48,13.63,4827.11,27.6,90.3,26.33333333,71,5.533333333,92.46,471,16,41,2800,93121.8105,9.848780488,31.09435243,7.35,38,3,304,3737,0.48631214,0.369310164,0.122243277,0.00245938,0.011127686,0,0.006894327,0.000443495,0.001128896,0,0,8.06E-05,0,0.236849637,0.297865033,0.117079732,0.10239826,0.023782268,0.020033198,0.039121974,0.067025356,0.00274741,0.021406903,0.007412283,5.72E-05,0.015854845,0.002461221,0.005380345,0.000629615,0.003062217,0.005351726,0.005838246,0.002919123,0.001144754,0.001230611,0.001860226,0.000429283,0.005380345,0.002547078,0.003434262,0,0,0.000600996,0.001917463,0,0.000343426,0.001230611,0.001144754,0.001144754,0,8.59E-05,0,0,0,0,0,8.59E-05,0,0.000114475,2.86E-05,0,0,0,0,48.12,55.28,36.41,34.02,33.56,33.53,45.96,33.5,33.5,36.33,13.3,1.36,1.51,0.36,1.19,1.04,0.36,0.04,0.21,1.11,0,0,0.21,0,0,0,0,0,0,0.12,0,0.12,0.74,0,0.74,0,0.01,0.01,0.01,0.1,5.94,0.05,0,0,0.01,0.13,0.03,0,0.24,0.24,0.23,0,0.23,0.52,19.64,0.05,0.01,0.01,0,0,0,0,0.2,0,0.2,0,0.51,0.03,0.24,0.42,0,0.24,0.02,0.14,1.21,0.14,0,0.27,0,0.17,0.1,0.1,0,0,0.1,0.1,0,0.02,0.12,0.24,0.14,0,30.65,11.01
R2ND,24_R,1,HIDED,HIDED,5.882461585,0.371,14.46,15.86,4068.09,28.5,88.1,26,44.33333333,6.133333333,92.46,457,16,41,2800,93121.8105,9.848780488,31.09435243,7.35,38,3,462,2578,0.434261984,0.458976737,0.068983591,0.015361045,0.01140991,0.003265734,0.007337822,0.000403177,0,0,0,0,0,0.261528779,0.280209406,0.164320861,0.084849525,0.032955716,0.021569974,0.030895984,0.044284243,0.002202769,0.012472823,0.010670557,0.001745051,0.011099668,0.004176679,0.003118206,0.000600755,0.002689095,0.002546058,0.003461494,0.007924248,0.000915437,0.000228859,0.002374414,0.001487584,0.006465271,0.002345806,0.000400503,0,0.000200252,0.000257467,0.000343289,0,0.000371896,0.000143037,0.000572148,0.000228859,0.00011443,0.000143037,8.58E-05,0,0,0,0,0,0,0,0,0,0,0,0,29.77,62.75,25.44,13.82,16.94,16.72,27.3,13.74,13.74,26.59,12.02,3.21,2.22,0.33,2.06,2.93,0.44,0,3.6,1.14,0,0,0.76,0,0.12,0,0,0.02,0.02,0.02,0,0.02,1.07,0.01,1.07,0,0,0,0,0.07,6.64,0.03,0.09,0.09,0.09,0.25,0.1,0,0.11,0.11,0.02,0.01,0.02,0.68,22.02,0.05,0,0.05,0.09,0,0,0,0.34,0,0.34,0,1.05,0.09,0.02,0.16,0,0.02,0.04,0.32,1.34,0.32,0,0.31,0,0.19,0.23,0.23,0,0,0.23,0.23,0,0.04,0.27,0.02,0.07,0,31,8.98
R3SA,24_R,0,HIDED,HIDED,7.068222052,0.495,13.66,14.28,5174.39,30,73.2,27.33333333,51,6.066666667,92.46,312,13,19,1800,208159.6601,15.465,144.8193776,17.94,12,7,205,1750,0.441115994,0.17784139,0.251905011,0.108051445,0.003749546,0.011208322,0.002580333,0.003547958,0,0,0,0,0,0.334802519,0.229536348,0.189009731,0.074957069,0.023983973,0.041900401,0.014567831,0.009158558,0.001574127,0.010532341,0.006182026,0.026073268,0.002003434,0.000858615,0.006783057,0.003577562,0.002261019,0.003062393,0.001545507,0.001631368,0.001287922,0.00758443,0.001688609,0.001001717,0.000629651,0,0.00057241,0.002032055,0,0.000515169,0.000257584,0,5.72E-05,0,0,0.000228964,0.000143102,0,0,0,0,0,0,0,0,0,0,0,0,0,0,15.06,29.42,13.9,1.03,3.11,2.55,4.72,1.03,1.03,8.73,3.18,5.75,8,0.48,0.26,1.74,0.88,2.89,0.17,0.37,0,0,0,0,0,0,0,0,0,0,0,0,0.62,0,0.62,0,0,0,0,0.23,7.46,0.08,0,0,0,0.59,0.09,0,0,0,0,0,0,0.27,20.02,0.07,0,0.04,0,0,0,0,0.53,0,0.53,0,3.01,0,0.08,0.32,0,0.08,0.62,0.03,0.36,0.03,0,0.3,0,0.03,0.01,0.01,0,0,0.01,0.01,0,0,0.01,0.08,0.09,0,25.07,5.05
R3SB,24_R,0,HIDED,HIDED,6.307212603,0.374,12.36,16.86,5102.92,30,72.9,27,36.33333333,6.566666667,92.46,320,13,19,1800,208159.6601,15.465,144.8193776,17.94,12,7,103,1386,0.617223723,0.291416361,0.03475386,0.005765432,0.004676854,0.008184494,0.034270048,0.001290167,0.002419062,0,0,0,0,0.359766564,0.209720792,0.183802495,0.080701453,0.064538277,0.039192127,0.008353359,0.004462753,0.004434146,0.005177938,0.005206545,0.016334821,0.002031125,0.001373155,0.005578441,0.001287333,8.58E-05,0.000457718,0.000514933,0.000200252,0.001344547,0.002288591,0.000915437,0.000371896,0.00011443,0,0,0.001687836,5.72E-05,0,0,0,0,0,0,0,0,0,0,0,0,0,0,0,0,0,0,0,0,0,0,17.61,46.19,28.46,1.61,2.24,12.07,4.24,2.57,1.61,18.97,11.32,15.67,5.75,0.9,3.67,11.63,6.4,0,0,0.47,0,0.25,0,0,0,0,0.01,0,0.01,0,0,0,0.52,0,0.52,0,0.03,0.03,0.03,0,6.65,0.14,0,0,0.03,2.54,0.05,0,0,0,0,0,0,0.08,20.81,0.11,0,0.15,0,0,0,0,0.39,0,0.39,0,5.12,0,0.15,0.15,0,0.16,1.04,0.03,0.46,0.03,0,0.26,0,0.08,0.03,0.03,0,0,0.03,0.03,0,0.01,0.03,0.15,0.13,0,24.4,3.6
R3SC,24_R,0,HIDED,HIDED,12.25427453,0.563,19.71,21.77,6217.29,23.3,73.8,26,80.33333333,5.033333333,92.46,320,13,19,1800,208159.6601,15.465,144.8193776,17.94,12,7,376,2727,0.504374471,0.353424989,0.105995243,0.02229569,0.00685401,0.004717171,0.001249849,0.001088578,0,0,0,0,0,0.253669423,0.310835169,0.124288289,0.097279048,0.046951446,0.028382593,0.028010643,0.028783154,0.001258905,0.016422992,0.009527624,0.002460588,0.010271523,0.006666476,0.004148665,0.001430574,0.002517811,0.002660868,0.004463392,0.005235902,0.001058625,0.002002804,0.001115848,0.000858345,0.002775314,0.00288976,0.001058625,0,5.72E-05,0.000686676,0.000457784,0,0.000486395,0.00057223,0.000228892,0,0,0.000314726,0.000114446,0,0,0,0,0,0,0,5.72E-05,0,0,0,0,18.68,31.68,14.46,8.98,8.54,11.02,12.18,7.52,7.43,15.1,2.29,2.18,4.46,0.13,2.14,3.62,0.52,0.48,0.74,0.69,0,0,0.34,0,0.04,0,0.01,0,0.01,0,0,0,0.95,0,0.95,0,0,0,0,0,8.22,0,0,0,0,0.25,0.06,0,0.05,0.05,0.05,0,0.05,0.54,22.85,0,0,0,0,0,0,0,0.11,0,0.11,0,0.61,0,0.05,0.19,0,0.05,0.03,0.04,1.11,0.04,0,0.21,0,0.09,0.35,0.35,0,0,0.35,0.35,0,0,0.35,0.05,0.14,0,30.53,7.68
R3SD,24_R,0,HIDED,HIDED,4.996338848,0.311,6.82,16.07,7326.01,28.6,75.4,25.66666667,68.33333333,5.933333333,92.46,320,13,19,1800,208159.6601,15.465,144.8193776,17.94,12,7,214,1925,0.505825908,0.302745636,0.117364835,0.045438052,0.008910212,0.007095916,0.004434947,0.007216869,0.000967625,0,0,0,0,0.29332799,0.285313564,0.132867733,0.079342817,0.050347769,0.046626785,0.02212554,0.00718436,0.000944557,0.012651344,0.011420557,0.014769442,0.010161147,0.000887311,0.005810459,0.002032229,0.001602885,0.004608295,0.002060852,0.002318459,0.001288033,0.001889115,0.001774623,0.001059049,0.001059049,0.000572459,0.001402525,0.002576065,0.001202164,0.000543836,0,0,0,0,2.86E-05,0.000200361,0,0,0,0,0,0,0,0,0,0,0,0,0,0,0,24.44,37.76,18.18,11.52,11.97,12.07,15.72,14.63,11.52,19.41,3.7,4.04,8.38,1.97,0.9,2.58,0.15,0.21,0.57,0.89,0,0,0.39,0,0,0,0,0,0,0,0,0,1.14,0,1.14,0,0,0,0,0,9.58,0,0,0,0,0.94,0.03,0,0.02,0.02,0.07,0,0.02,0.23,22.82,0,0,0,0,0,0,0,0.13,0,0.13,0,1.53,0,0.02,0.02,0,0.02,0.14,0.01,0.62,0.01,0,0.29,0,0.04,0,0,0,0,0,0,0,0,0,0.02,0.14,0,28.1,5.29
R4NA,24_R,1,HIDED,HIDED,6.927292873,0.48,13.52,14.43,5123.74,29.4,77.1,26.33333333,36.33333333,6.366666667,92.46,327,19,41,2800,174017.3135,12.43414634,105.6687609,10.43333333,37,4,228,1702,0.46962061,0.463250413,0.039229126,0.007458775,0.015844857,0.001653026,0.001169213,0.001532073,0.000241906,0,0,0,0,0.235038334,0.273200595,0.176250143,0.099124614,0.053667468,0.031782813,0.031124843,0.034214441,0.001087081,0.01853759,0.006493878,0.00011443,0.007323492,0.003118206,0.005893123,0.003261243,0.004005035,0.002660487,0.00263188,0.002689095,0.000915437,0,0.000743792,0.000457718,0.000858222,0.002403021,0.001029866,0.000228859,0,0.000257467,0.000457718,0,0.000429111,0,0,0,0,0,0,0,0,0,0,0,0,0,0,0,0,0,0,27.56,62.72,18.25,6.76,7.5,12.33,22.68,6.66,6.66,14.66,13.44,3.95,3.04,0.03,0.21,5.27,1.09,0.58,0.58,1.58,0.24,0,0,0,0,0,0,0,0,0,0,0,0.65,0,0.65,0,0,0,0,0,7.19,0,0.03,0.03,0.03,0.06,0.03,0,0.03,0.03,0,0,0,0.25,20.96,0,0,0,0.03,0,0,0,0.04,0,0.04,0,1.08,0,0,0.07,0,0,0,0.07,0.68,0.07,0,0.47,0,0.12,0.13,0.13,0,0,0.13,0.13,0,0,0.13,0,0.11,0,30.59,9.63
R4NB,24_R,1,HIDED,HIDED,6.454464615,0.374,15.83,17.26,4077.36,29,77.2,26,73.33333333,5.433333333,92.46,345,19,41,2800,174017.3135,12.43414634,105.6687609,10.43333333,37,4,303,1822,0.48385276,0.447244285,0.05390477,0.005604161,0.004233359,0.002298109,0.002217474,0.000241906,0.000403177,0,0,0,0,0.325341878,0.267751903,0.160754134,0.090089832,0.037506437,0.022458088,0.019253877,0.018738914,0.004520227,0.007838874,0.006007896,0.01238771,0.003461693,0.006866167,0.005407106,0.001258797,0.000514963,0.001659324,0.001230188,0.001859587,0.00145906,0,0.00060079,0.000171654,0.000343308,0.000228872,0.00028609,0.000915489,0.000257481,0.000457744,8.58E-05,0,2.86E-05,0,0,0.000114436,0,0,0,5.72E-05,0,0,0,0,0,0,0,8.58E-05,0,0,0,19.39,58.1,13.49,1.13,1.77,2.79,17.97,1.13,1.13,7.8,13.69,3.35,2.32,0.22,0.51,1.6,0.37,0,0.48,0.42,0.3,0,4.41,0,0.66,0,0,0,0,0,0,0,0.6,0,0.6,0,0,0,0,0,8.95,0,0,0,0,0.82,0.03,0,0,0,0,0,0,0.17,23.53,0.07,0,0,0,0,0,0,0.29,0,0.29,0,3.48,0,0,0,0,0,0.17,0.11,0.62,0.11,0,0.2,0,0.06,0.65,0.65,0,0,0.65,0.65,0,0,0.65,0,0.06,0,28.38,4.85
R4NC,24_R,1,HIDED,HIDED,4.784727448,0.249,4.99,19.22,9588.63,28.2,78.7,25.66666667,65.33333333,5.1,92.46,345,19,41,2800,174017.3135,12.43414634,105.6687609,10.43333333,37,4,336,1644,0.570656775,0.364875217,0.025198565,0.007579728,0.00947466,0.011047051,0.010119744,0.000483812,0.000564448,0,0,0,0,0.303495823,0.25866804,0.175935462,0.097751459,0.038791624,0.048947248,0.012816112,0.004548575,0.006064767,0.004977686,0.007294885,0.008267536,0.008582218,0.000829614,0.007809818,0.000915437,0.00065797,0.002202769,0.001230118,0.002774917,0.001602014,0,0.000457718,0.000801007,0.00054354,0.001401762,0.001373155,0.000944044,0,0.00011443,8.58E-05,0,0,0,0.00011443,0,0,0,0,0,0,0,0,0,0,0,0,0,0,0,0,27.51,53.63,10.59,3.15,3.58,3.89,24.93,2.94,2.94,6.76,21.52,1.95,1.47,0.14,1.51,2.43,0.37,0,2.45,0.95,0.3,0.98,0.15,0,0.03,0,0,0.01,0.01,0,0,0,0.73,0,0.73,0,0,0,0,0,8.17,0.03,0,0,0,0.69,0.02,0,0,0,0,0,0,0.15,21.93,0,0,0,0,0,0,0,0.2,0,0.2,0,3.58,0,0,0,0,0,0.37,0,0.65,0,0,0.27,0,0.01,0.01,0.01,0,0,0.01,0.01,0,0,0.01,0,0.15,0,26.09,4.16
R4ND,24_R,1,HIDED,HIDED,5.629477087,0.385,8.26,14.62,6815.35,28.9,76.2,25.33333333,71.66666667,5.533333333,92.46,335,19,41,2800,174017.3135,12.43414634,105.6687609,10.43333333,37,4,270,1249,0.657783333,0.243317341,0.092771036,0.000927307,0.002862557,0.000241906,0.001532073,0,0.000564448,0,0,0,0,0.271055041,0.252946561,0.181599725,0.102071175,0.036588855,0.037590113,0.021426937,0.003804783,0.010012587,0.012272571,0.010727772,0.002059732,0.026862341,0.003060991,0.005978945,0.003747568,0.000143037,0.001916695,0.000715185,0.003804783,0.001001259,0,0.000314681,0.000600755,0.003490102,0.00185948,0.003490102,0.000572148,0,0,8.58E-05,0,0,0,0.000200252,0,0,0,0,0,0,0,0,0,0,0,0,0,0,0,0,32.63,52.68,24.18,4.91,5.35,17.11,29.54,4.91,4.91,8.98,13.22,4.91,2.14,0.64,0.15,12.6,0.48,0.3,0.03,0.29,0.01,1.33,0.32,0,0,0,0,0,0,0,0,0,1.07,0,1.07,0,0,0,0,0,8.94,0,0,0,0,0.46,0.01,0,0,0,0,0,0,0,20.81,0.23,0,0,0,0,0,0,0.27,0,0.27,0,1.99,0,0,0,0,0,0.07,0,0.69,0,0,0.32,0,0.03,0.2,0.2,0,0,0.2,0.2,0,0,0.2,0,0.01,0,26.57,5.76
